01Sorszám_RMNY,01Sorszám_RMNY-S,cities,olimCities
1,,"Eichstätt=1, Wien=1",Salzburg
2,,"Budapest=2, Kraków=1, Leipzig=1, Leningrad=1, Paris=1, Praha=1, Princeton=1, Roma=1, Wien=1",Braunsberg
3,,"Berlin=1, Budapest=2, Gyöngyös=1, Martin=1",
4,,,
5,,Budapest=1,
6,,Bratislava=1,
6,A,"Marosvásárhely,=1",
6,C,"Marosvásárhely,=1",
6,B,"Marosvásárhely,=1",
6,D,Uppsala=1,
7,,Gdańsk=1,
8,,"Bucureşti=1, Gdańsk=1, Kraków=1",Szentpétervár
9,,,
10,,,
11,,Budapest=1,Vilnius
12,,"Budapest=1, Kraków=3",
13,,"Bratislava=1, Budapest=6, Cluj=1, London=1, Sárospatak=1, Wien=1",
14,,"Budapest=1, Kraków=1, Schwaz=1, Sibiu=1",
15,,"Aiud=1, Budapest=2, London=1",
16,,"Bratislava=1, Budapest=5, Cluj=2, Debrecen=1, Pécs=1, Wien=1, Wrocław=1","Sepsiszentgyörgy, Szatmár, Szeged, Budapest"
17,,"Budapest=2, Wien=1",Lengyel
18,,"Kraków=1, Praha=1",Budapest
19,,,
20,,,Csíksomlyó
21,,"Bratislava=1, Budapest=3, Cluj=1, Kalocsa=1, Zagreb=1",
22,,,
23,,,Kecskemét
24,,Kraków=1,
25,,,Kecskemét
26,,,
27,,,
28,,Braşov=1,Segesvár
29,,"Alba Iulia=1, Braşov=5, Budapest=5, Cluj=1, Sibiu=2, Tîrgu Mureş=1",
30,,"Alba Iulia=1, Braşov=3, Budapest=5, Cluj=1, Sibiu=1, Tîrgu Mureş=1",Szeben
31,,"Braşov=1, Budapest=1, Mediaş=1",
32,,,
33,,,
34,,Braşov=2,
35,,"Braşov=4, Budapest=4, Cluj=1, Sibiu=1, Tîrgu Mureş=2",
36,,"Budapest=1, Sibiu=1",Segesvár
37,,"Braşov=2, Budapest=2, Mediaş=1",
38,,"Budapest=1, Mediaş=1",
39,,Budapest=1,
40,,Braşov=1,Segesvár
41,,,
42,,"Budapest=5, London=1, München=1, Paris=1",
43,,"Braşov=2, Leningrad=1, Sibiu=1",
44,,"Braşov=1, Kraków=1, Tîrgu Mureş=1",
45,,Sighişoara=1,
46,,"Braşov=1, Iaşi=1","Brassó, Segesvár"
47,,,
48,,,
49,,"Alba Iulia=1, Budapest=6, Cluj=6, Debrecen=1, Gyöngyös=1, Kecskemét=1, Keszthely=1, Prešov=1, Sárospatak=1, Szarvas=1, Wien=1, Zagreb=1",Budapest
50,,"Braşov=2, Budapest=1, Sibiu=2, Sighişoara=1, Wien=1, Zwickau=1",Máramarossziget
51,,Iaşi=1,Segesvár
52,,"Sibiu=1, Sighişoara=1, Tîrgu Mureş=1",
53,,Braşov=1,
54,,"Braşov=2, Bucureşti=1, Budapest=3, Dolný Kubín=1, Mediaş=1, Sibiu=4, Tîrgu Mureş=1",
55,,"Budapest=1, Dolný Kubín=1",
56,,,
57,,,Kraków
58,,,
59,,,
60,,"Braşov=1, Budapest=1, Sibiu=1, Tîrgu Mureş=1",
61,,,
62,,,Segesvár
63,,"Budapest=1, Cluj=1",
64,,"Budapest=1, Debrecen=1",
65,,,
66,,"Leningrad=1, Užgorod=1",
67,,"Braşov=2, Budapest=2, Sibiu=5",
68,,"Alba Iulia=1, Braşov=1, Budapest=2, Sibiu=5",
69,,"Braşov=2, Budapest=2, Sibiu=2, Sighişoara=1, Tîrgu Mureş=2, Wolfenbüttel=1",
70,,,
71,,Braşov=1,
72,,"Braşov=1, Sibiu=1",
73,,,
74,,"Budapest=4, Cluj=2, Kraków=1, Sárospatak=1, Sibiu=1",Budapest
75,,,
76,,,Kismarton
77,,Budapest=1,
78,,"Budapest=1, Cluj=1",
79,,Budapest=1,
80,,Budapest=1,
81,,,
82,,Sibiu=2,Kismarton
83,Vacat!,,
84,,"Kalocsa=1, Sighişoara=1",
85,,,
86,,Cluj=1,
87,,"Régi=1, Budapest=6, Sibiu=1, Wien=1","Budapest, Esztergom, Kismarton"
88,,Budapest=1,
89,,"Braşov=1, London=1, Tîrgu Mureş=2",
90,,"Alba Iulia=1, Banská Štiavnica=1, Budapest=7, Cluj=4, Debrecen=2, Graz=1, Kezmarok=1, Szeged=1, Wolfenbüttel=1",Marosvásárhely
91,,"Cluj=1, Pannonhalma=1",
92,,"Bratislava=1, Budapest=6, Cluj=1, Debrecen=1, København=1, Košice=1","Budapest, Budapest, Szatmárnémeti"
93,,,
94,,,
95,,"Alba Iulia=1, Budapest=7, Cluj=6, Debrecen=1, Gyöngyös=2, Miskolc=1, Nitra=1, Oponice=1",Rimaszombat
96,,"Bratislava=2, Budapest=7, Cluj=1, Debrecen=1, København=1, Košice=1","Budapest, Szatmárnémeti"
97,,Budapest=1,
98,,"Alba Iulia=1, Cluj=1, Stuttgart=1",Tibolddaróc
99,,Wien=1,
100,,"Budapest=1, Cluj=1",Lőcse
101,,Cluj=1,
102,,"Bratislava=1, Budapest=3","Budapest, Lőcse"
103,,Budapest=2,Budapest
104,,"Braşov=1, Budapest=1, Debrecen=1",
105,,"Braşov=1, Budapest=2, Sighişoara=1",
106,,Braşov=1,
107,,Sighişoara=1,
108,,"Budapest=1, Cluj=1",
109,,"Budapest=5, Cluj=1, Halle=1, Sárospatak=1, Wien=1","Budapest, Budapest, Késmárk, Szatmárnémeti"
110,,"Braşov=3, Budapest=1",
111,,"Braşov=2, Budapest=1",
112,,,
113,,,
114,,,
115,,Budapest=1,
116,Vacat!,,
117,,Braşov=1,
118,,Braşov=1,
119,,"Tîrgu Mureş=1",
120,,"Braşov=1, Budapest=2",
121,,"Braşov=1, Budapest=1",
122,,"Braşov=1, Budapest=1, Cluj=2, Debrecen=1, Sibiu=1, Tîrgu Mureş=1",Budapest
123,,Budapest=1,
124,,,
125,,Budapest=1,
126,,Wien=1,
127,,"Budapest=1, Debrecen=1",
128,,"Budapest=1, Kraków=1, London=5, CERL=1",
129,,,
130,,"Budapest=1, Sibiu=2",Brassó
131,,Sibiu=1,
132,,,
133,,"Braşov=1, Sibiu=4, Sighişoara=1",Gyulafehérvár
134,,,
135,,"Cluj=1, Sighişoara=1",
136,,,
137,,,
138,,"Alba Iulia=1, Braşov=1, Budapest=2, Sibiu=7, Sighişoara=3",
139,,"Bucureşti=1, Budapest=1, Sofija=1",
140,,"Braşov=1, Budapest=1",
141,,"Budapest=1, Cluj=1",Marosszentkirály
142,,"Braşov=1, Budapest=2, Sighişoara=1",
143,,Sibiu=2,
144,,Gotha=1,
145,,,
146,,Budapest=1,
147,,Sibiu=1,
148,,Budapest=1,Berlin
149,,Debrecen=1,"Gyulafehérvár, Kolozsvár"
150,,,
151,,Wien=1,
152,,Budapest=2,
153,,"Cluj=1, Wrocław=1",
154,,"Alba Iulia=1, Budapest=3, Cluj=2, Debrecen=1","Gyulafehérvár, Bethlen"
155,,Budapest=1,
156,,"Aiud=1, Alba Iulia=1, Berlin=1, Bratislava=2, Budapest=16, Cluj=9, Debrecen=2, Eger=1, Gdańsk=1, Kecskemét=1, Keszthely=1, Kraków=1, London=1, Sárospatak=1, Sibiu=2, Szeged=1, Sepsiszentgyörgy,=1, Tîrgu Mureş=4","Eger, Máramarossziget, Miskolc, Pápa, Szeged"
157,,"Cluj=1, London=1",
158,,"Budapest=1, Stuttgart=1",
159,,Budapest=1,
160,,,
161,,,
162,,"Budapest=3, Cluj=4, Debrecen=1, Sibiu=1","Budapest, Nagyőr, Budapest"
163,,,
164,,"Győr=1, Rein=1, Wien=1",
165,,,Körmend
166,,Budapest=2,
167,,Bucureşti=1,
168,,"Bucureşti=4, Budapest=1, Cluj=1, Sibiu=1",
169,,"Budapest=1, Cluj=1, London=1",
170,,Wolfenbüttel=1,
171,,Cluj=1,
172,,Kistarcsa=1,
173,,Basel=1,
174,,"Budapest=2, Galaţi=1, Leningrad=2, Moskva=1","Brassó, Bucureşti, Ungvár"
175,,Sibiu=1,
177,,"Budapest=1, Debrecen=1, Güssing=1",
178,,Wolfenbüttel=1,
179,Vacat!,,
180,Vacat!,,
181,,"Alba Iulia=1, Budapest=1, Cluj=2, London=1, Sárospatak=1","Budapest, Szatmárnémeti"
182,,London=1,Marosvásárhely
183,,"London=1, Tîrgu Mureş=1",
184,,Budapest=1,
185,,Budapest=2,Budapest
186,,"Alba Iulia=1, Banská Štiavnica=2, Budapest=7, Cluj=7, Debrecen=1, Erlangen=1, Esztergom=1, Gyöngyös=1, Kecskemét=2, Sárospatak=1","Rimaszombat, Sárospatak, Budapest"
187,,"Cluj=2, Sibiu=2",Debrecen
188,,Bucureşti=4,
189,,"Braşov=3, Budapest=1, Cluj=2, Sibiu=6, Sighişoara=1","Budapest, Gyulafehérvár, Szatmárnémeti"
190,,Budapest=1,
191,,,
192,,Budapest=1,
193,,,
194,,"Budapest=4, Cluj=2, Debrecen=2, Esztergom=1, Košice=1, Sárospatak=1, Wolfenbüttel=2",
195,,,
196,,"Aiud=1, Budapest=6, Cluj=2, Debrecen=1, Esztergom=1, Kecskemét=1, Košice=1, Sárospatak=2",Rozsnyó
197,,"Budapest=1, Cluj=1, Sibiu=1, Strängnäs=1, Zwickau=1",
198,,Sibiu=2,
199,,"Alba Iulia=1, Budapest=1, Cluj=1",
200,,Debrecen=1,
201,,"Budapest=3, Tîrgu Mureş=1",
202,,"Bratislava=1, Budapest=2, Cluj=1, Sibiu=1, Sighişoara=1, Tîrgu Mureş=1",Németújvár
203,,"Tîrgu Mureş=1",
204,,,Harkov
205,,"Alba Iulia=1, Berlin=1, Betliar=1, Budapest=1, Cluj=3, Debrecen=1, Sárospatak=1, Stuttgart=1, Wolfenbüttel=1","Torda, Budapest"
206,,,
207,,"Alba Iulia=1, Betliar=1, Budapest=3, Debrecen=2, Cluj=2, Esztergom=1, Košice=1, London=1, Miskolc=1, Sárospatak=1, Tîrgu Mureş=1, Wolfenbüttel=1","Sepsiszentgyörgy, Szatmárnémeti"
208,,"Alba Iulia=1, Bratislava=1, Budapest=4, Cluj=3","Budapest, Budapest"
209,,"Agnita=1, Braşov=1, Bratislava=1, Bucureşti=1, Budapest=9, Cluj=2, Debrecen=1, Göttingen=1, Odorhei=1, Pannonhalma=1, Sibiu=2, Stuttgart=1, Tîrgu Mureş=1, Wien=1",Esztergom
210,,Sibiu=1,
211,,Debrecen=1,
212,,Debrecen=1,
213,,"Alba Iulia=1, Budapest=4, Cluj=2, Sárospatak=2",Kolozsvár
214,,,
215,,Győr=1,Kolozsvár
216,,Győr=3,
217,,,
218,,Cluj=1,
219,,"Budapest=3, Cluj=1, Győr=1, Olomouc=1",
220,,Győr=2,
221,,"Budapest=1, Sighişoara=1",
222,,Wolfenbüttel=1,
223,,"Braşov=1, Sibiu=1",
224,,"Bucureşti=2, Budapest=1",
225,,Sibiu=1,
226,,Debrecen=2,
227,,,
228,,"Braşov=1, Debrecen=1, Sibiu=1, Warszawa=1, Wien=1",
229,,"Budapest=2, Cluj=1, Debrecen=1",
230,,,
231,,"Cambridge=1, Cluj=3, Sibiu=1, Tîrgu Mureş=1, Warszawa=1",
232,,"Cluj=2, Stockholm=1, Tîrgu Mureş=1",
233,,"Budapest=1, Cluj=1, Stockholm=1, Tîrgu Mureş=1",Kolozsvár
234,,Cluj=1,
235,,,
236,,Budapest=1,
237,,,
238,,,
239,,Cluj=3,
240,,,
241,,"Budapest=4, London=1, Odorhei=1, Praha=1, Zagreb=1","Wien, Szatmárnémeti"
242,,"Budapest=1, Cluj=2, Sibiu=1",
243,,"Budapest=1, Cluj=1",Kolozsvár
244,,"Budapest=1, Cambridge=1, Cluj=2, Tîrgu Mureş=2, Warszawa=1, Wien=1",
245,,"Budapest=2, Cambridge=1, Cluj=1, Tîrgu Mureş=3, Warszawa=1, Wien=1","Budapest, Torda"
246,,,Kolozsvár
247,,"Budapest=2, Cambridge=1, Cluj=6, Firenze=1, Sárospatak=1, Sibiu=3, Szeged=1, Tîrgu Mureş=1, Warszawa=1, Wien=1",
248,,"Alba Iulia=1, Budapest=1",
249,,"Budapest=2, Cluj=1, Kalocsa=1, London=1, Oxford=1, Sibiu=1, Sighişoara=1, Tîrgu Mureş=1, Warszawa=1, Wien=1, Wrocław=1",
250,,"Alba Iulia=1, Budapest=3, Cambridge=1, London=1, Sárospatak=1, Sibiu=1, Tîrgu Mureş=2, Wien=1","Budapest, Kolozsvár"
251,,"Cluj=2, Tîrgu Mureş=1, Wien=1",
252,,"Alba Iulia=1, Braşov=1, Budapest=3, Cambridge=1, Cluj=2, Sibiu=1, Tîrgu Mureş=2, Warszawa=1, Wien=1",Budapest
253,,"Cluj=1, Sárospatak=1, Stockholm=1, Tîrgu Mureş=1",Kolozsvár
254,,"Budapest=2, Cambridge=2, Cluj=6, Dresden=1, Groeningen=1, London=1, Oxford=2, Paris=1, Sárospatak=1, Sibiu=2, Strängnäs=1, Tirgu=3, Utrecht=1, Wien=1, Wrocław=1, Zürich=2",Budapest
255,,Budapest=10,
256,,"Braşov=1, Budapest=3, Cluj=5, Güssing=1, Sibiu=1, Sighişoara=1, Strängnäs=1, Tîrgu Mureş=1, Wolfenbüttel=1",Kolozsvár
257,,,
258,,,
259,,"Alba Iulia=1, Budapest=9, Cluj=2, Csurgó=1, Debrecen=2, Keszthely=1, London=1, Miskolc=1, Sárospatak=1","Budapest, Rozsnyó, Budapest"
260,,Budapest=1,
261,,"Braşov=1, Cluj=1",Bucureşti
262,,"Braşov=1, Sibiu=1",
263,,,
264,,Wroclaw=1,
265,,Budapest=1,
266,,,
267,Vacat!,,
268,,,
269,,"Alba Iulia=1, Budapest=2, Cluj=4, London=1, Tîrgu Mureş=2",Torda
270,,"Aiud=1, Alba Iulia=1, Budapest=2, Cluj=5, Güssing=1, Kalocsa=1, London=1, Oxford=1, Tîrgu Mureş=2, Warszava=1","Székelykeresztúr, Torda"
271,,,Brassó
272,,"Alba Iulia=1, Cluj=2, Kraków=1, Oxford=1, Sibiu=1, Tîrgu Mureş=1",
273,,,
274,,Sibiu=1,
275,,Bucureşti=2,"Chernivtsi, Sibiu"
276,,Budapest=1,
277,,Csíkszereda=1,"Budapest, Sárospatak"
278,,Debrecen=1,
279,,"Cluj=1, Debrecen=1, London=1, Sárospatak=1, Stockholm=1","Budapest, Szatmárnémeti"
280,,Budapest=1,
281,,,
282,,,
283,,,
284,,"Budapest=4, Cluj=2",
285,,"Budapest=2, Cluj=2, London=1, Sibiu=1",
286,,"Budapest=1, Cluj=2, Stockholm=1, Tîrgu Mureş=1",
287,,"Budapest=1, Cluj=2, Güssing=1, Sibiu=2, Sighişoara=1, Tîrgu Mureş=1",Kalocsa
288,,Budapest=1,
289,,Cluj=1,
290,,Cluj=1,
291,,"Cluj=2, Miercurea Ciuc=1, Sibiu=2, Sighişoara=1, Tîrgu Mureş=1",
292,,Budapest=2,
293,,,
294,,Budapest=1,Budapest
295,,Budapest=2,Tibolddaróc
296,,Budapest=1,
297,,Budapest=1,Budapest
298,,Budapest=1,
299,,Budapest=2,
300,,Genève=1,
301,,Cluj=1,
302,,,
303,,Budapest=1,
304,,"Alba Iulia=1, Budapest=4, Cluj=2, Sibiu=2, Stockholm=1, Tîrgu Mureş=1",
305,,Cluj=1,
306,,"Debrecen=1, Sibiu=1, Tîrgu Mureş=1",
307,,"Alba Iulia=1, Betliar=1, Bucureşti=1, Budapest=8, Cluj=6, Debrecen=2, Greifswald=1, Keszthely=1, London=1, Miercurea Ciuc=1, Odorhei=1, Pécs=1, Sárospatak=3, Sibiu=3, Strängnäs=1, Szeged=1, Tîrgu Mureş=3, Zalău=1, Zirc=1","Budapest, Eger, Marosvásárhely"
308,,,
309,,Bucureşti=1,
310,,,Fălciu
311,,Budapest=1,
312,,Cluj=1,
313,,Budapest=1,
314,,Budapest=1,
315,,Budapest=1,
316,,,Budapest
317,,"Alba Iulia=1, Braşov=2, Budapest=8, Cluj=5, Debrecen=1, Dolný Kubín=1, Miercurea Ciuc=1, Nitra=1, Odorhei=1, Pannonhalma=1, Sárospatak=1, Sibiu=8, Strängnäs=1, Szeged=1, Tîrgu Mureş=1, Zalău=1, Zagreb=1",Sepsiszentgyörgy
318,,"Sárospatak,=1",
319,,Budapest=1,
320,,Budapest=1,
321,,,
322,,Budapest=2,
323,,Budapest=1,"Budapest, Tibolddaróc"
324,,Cluj=1,
325,,,Brassó
326,,,"Budapest, Budapest"
327,,"Aiud=1, Budapest=6, Cluj=1, London=1, Tîrgu Mureş=1","Budapest, Kolozsvár, Marosvásárhely"
328,,"Budapest=1, Debrecen=1",
329,,,
330,Vacat!,,
331,,,
332,Vacat!,,
333,,"Bratislava=1, Budapest=7, Cluj=2, Debrecen=1, Győr=1, London=1, Oponice=1, Sárospatak=1, Sopron=1, Wroclaw=1",
334,,"Bratislava=2, Budapest=9, Cluj=1, Debrecen=1, Dolný Kubín=1, Kecskemét=1, London=1, Martin=1, Odorhei=1, Sárospatak=1, Szeged=1","Budapest, Betlér"
335,,"Alba Iulia=1, Berlin=1, Bratislava=4, Budapest=3, Debrecen=1, Gotha=1, London=1, Pannonhalma=1, Sibiu=1, Wien=1",Pannonhalma
336,,Braşov=1,"Hilandar, Bucureşti"
337,,Bucureşti=1,
338,,,
339,,Budapest=1,
340,,Budapest=2,
341,,Budapest=1,"Budapest, Tibolddaróc"
342,,Budapest=2,
343,,Budapest=1,
344,,Budapest=1,
345,,Budapest=1,
346,,"Budapest=5, Cluj=2, London=1, Sárospatak=1","Budapest, Debrecen, Kolozsvár, Nagykőrös"
347,,"Budapest=6, Cluj=2, Debrecen=2, London=1, Sárospatak=1","Budapest, Debrecen, Nagykőrös"
348,,Budapest=2,
349,,Budapest=1,
350,,Budapest=2,Tibolddaróc
351,,"Alba Iulia=1, Budapest=11, Cluj=3, Debrecen=1, London=1, Tírgu=2",
352,,Budapest=1,
353,,"Budapest=2, Prešov=1",
354,,"Budapest=4, Praha=1, Zagreb=1",
355,,"Budapest=8, Cluj=1, Debrecen=1, Martin=1, Oponice=1, Pápa=1, Sárospatak=1, Radvaň=1",Privigye
356,,"Braşov=1, Bucureşti=3, Leningrad=1",Hilandar
357,,Budapest=1,
358,,"Budapest=3, Debrecen=2, Csíkszereda=1",Budapest
359,,Budapest=1,
360,,"Alba Iulia=1, Braşov=1, Bratislava=1, Budapest=16, Cluj=4, Debrecen=2, Kalocsa=1, Keszthely=1, London=1, München=1, Oponice=1, Pannonhalma=1, Pécs=1, Sárospatak=1, Sibiu=1, Tîrgu Mureş=3, Zagreb=1, Zalău=1","Kiskunhalas, Nagykőrös, Sepsiszentgyörgy, Szászváros, Székelyudvarhely"
361,,,
362,,"Bratislava=2, Bucureşti=1, Budapest=5, Cluj=1, Debrecen=1, Martin=1, Nitra=1, Nové=1, Oponice=1, Sárospatak=1, Spišská Nová Ves=1, Szeged=1",
363,,Sighişoara=2,
364,,"Budapest=1, Sighişoara=5",
365,,,
366,,Bucureşti=2,
367,,"Budapest=1, Tîrgu Mureş=1",Tibolddaróc
368,,"Budapest=3, Cluj=1","Budapest, Tibolddaróc"
369,,Sibiu=1,
370,,Sighişoara=1,
371,,Budapest=1,
372,,,
373,,Bratislava=1,
374,,"Alba Iulia=1, Bratislava=1, Budapest=7, Cluj=1, Debrecen=1, Gyöngyös=6, Győr=1, Jasov=1, Kalocsa=1, Kecskemét=1, Keszthely=1, Košice=1, Odorhei=1, Pécs=1, Praha=1, Sárospatak=1, Szeged=2","Esztergom, Marosvásárhely, Miskolc, Szatmárnémeti"
375,,,
376,,Bucureşti=2,
377,,"Braşov=1, Praha=1",Hilandar
378,,Budapest=1,
379,,,
380,,"Tîrgu Mureş=1",
381,,Budapest=1,
382,,,
383,,Budapest=1,
384,,"Budapest=1, Cluj=1, London=1",Szatmárnémeti
385,,"Budapest=2, Tîrgu Mureş=1",Tibolddaróc
386,,Budapest=2,Budapest
387,,"Budapest=2, Cluj=1",Szatmárnémeti
388,,Budapest=3,Tibolddaróc
390,,"Budapest=1, Cluj=1, Tîrgu Mureş=1",Tibolddaróc
391,,,
392,,,
393,,"Budapest=1, Debrecen=1",
394,,Budapest=1,
395,,"Budapest=1, Pápa=1",
396,,"Budapest=1, Västerås=1",
397,,,
398,,,
399,,"Bratislava=1, Budapest=1",
400,,"Budapest=1, Sibiu=1, Tîrgu Mureş=1, Zalău=1",
401,,,
402,,,
403,,Zagreb=1,
404,,Levoča=1,
405,,Levoča=1,
406,,"Budapest=2, Kežmarok=1, Wien=1",
407,,Budapest=1,Besztercebánya
408,,"Bratislava=1, Leipzig=1, Wien=1",
409,,"Bucureşti=3, Budapest=1",
410,,"Braşov=1, Bucureşti=1",
411,,,
412,,,Máramarossziget
413,,"Budapest=9, Cluj=1, Debrecen=2, Kecskemét=1, Pannonhalma=1, Sárospatak=1, Sfîntu-Gheorghe=1, Tîrgu Mureş=2","Budapest, Debrecen, Szatmárnémeti"
414,,Budapest=2,
415,,Budapest=1,
416,,London=1,
417,,"Olomouc=1, Praha=1",Wien
418,,"Aiud=1, Alba Iulia=2, Bratislava=3, Budapest=10, Cluj=2, Debrecen=2, Eger=2, Gyöngyös=3, Győr=2, Kalocsa=1, Martin=1, Nitra=1, Pannonhalma=1, Pápa=1, Pécs=1, Sárospatak=1, Szeged=1, Zagreb=1","Kolozsvár, Rozsnyó"
419,,,
420,,,
421,,Budapest=1,Budapest
422,,"Budapest=3, Martin=2, Nové=1",
423,,Braşov=1,
424,,Budapest=1,
425,,,
426,,"Budapest=1, Debrecen=1, Martin=1, Pannonhalma=1, Sárospatak=1, Szeged=1",
427,,,Körmend
428,,"Bucureşti=2, Leningrad=2, Sofija=1",
429,,Cluj=2,
430,,"Budapest=1, Cluj=1, Pápa=2",
431,,"Budapest=1, Cluj=1, Nitra=2, Pápa=1",Pápa
432,,"Bratislava=1, Budapest=2, Kecskemét=3, Keszthely=1, Martin=1",Budapest
433,,Pápa=1,Budapest
434,,Budapest=3,
435,,"Bucureşti=1, Plovdiv=1, Sofija=2",
436,,Budapest=2,
437,,"Budapest=2, Cluj=1",Budapest
438,,Budapest=2,Marosvásárhely
439,,"Budapest=1, Debrecen=1",Marosvásárhely
440,,,Budapest
441,,"Budapest=1, Pannonhalma=1",
442,,,
443,,Cluj=1,
444,,"Berlin=1, Budapest=9, Cluj=1, Debrecen=2, Győr=1, Jasov=1, Kraków=1, Olomouc=1, Pannonhalma=1, Praha=2, Szeged=1, Tîrgu Mureş=1, Warszawa=1, Wien=1, Zagreb=1",
445,,Praha=1,
446,,Budapest=1,
447,,Sighişoara=1,Sárospatak
448,,Budapest=1,
449,,"Budapest=4, Cluj=1",
450,,,
451,,,
452,,,Brassó
453,,London=1,
454,,"Budapest=5, Cluj=1, Debrecen=1, Sárospatak=2","Budapest, Máramarossziget, Rozsnyó, Sárospatak"
455,,London=1,
456,,"Bratislava=1, Brno=1, Budapest=2, Halle=1, Olomouc=1, Praha=1",
457,,,
458,,Budapest=1,Marosvásárhely
459,,,
460,,"Budapest=5, Cluj=2","Budapest, Marosvásárhely"
461,,Budapest=2,Marosvásárhely
462,,Budapest=3,
463,,Budapest=2,Budapest
464,,Budapest=1,
465,,Budapest=2,Marosvásárhely
466,,Cluj=1,
467,,"Budapest=2, Cluj=1",
468,,"Budapest=2, Cluj=1",Marosvásárhely
469,,Cluj=1,
470,,Budapest=2,
471,,Cluj=1,
472,,,
473,,"Alba Iulia=1, Budapest=3, Eger=1, Esztergom=1, Kalocsa=1, London=1",Sátoraljaújhely
474,,"Alba Iulia=1, Betliar=1, Bratislava=5, Budapest=13, Cluj=3, Debrecen=2, Dolný Kubín=1, Eger=2, Gyöngyös=2, Győr=1, Jasov=1, Kalocsa=1, Keszthely=1, Košice=1, London=1, Nitra=1, Olomouc=1, Pannonhalma=1, Pécs=1, Sárospatak=1, Szeged=4, Székesfehérvár=1, Wrocław=1, Zagreb=1","Kolozsvár, Kolozsvár, Marosvásárhely, Pannonhalma, Rozsnyó, Szatmárnémeti, Zágráb"
475,,"Budapest=2, Cluj=1",
476,,"Budapest=8, Cluj=2, Dolný Kubín=1, Gyöngyös=3, Jasov=1, Zagreb=2",
477,,"Beograd=1, Bucureşti=4, Budapest=1, Cluj=1, Leningrad=1, Sibiu=3",Brassó
478,,,
479,,Martin=1,
480,,,
481,,Braşov=1,
482,,"Braşov=1, Bucureşti=7, Cluj=4, Sibiu=1",
483,,"Braşov=1, Cluj=2, Debrecen=1, Sibiu=1",
484,,London=1,
485,,London=1,
486,,"Bratislava=1, Budapest=1",
487,,Budapest=2,
488,,"Miercurea Ciuc=1",
489,,Cluj=1,
490,,"Budapest=5, Cluj=1","Budapest, Marosvásárhely, Szatmárnémeti"
491,,"Tîrgu Mureş=1",
492,,Budapest=2,
493,,"Budapest=1, Cluj=1, Debrecen=1",Budapest
494,,Budapest=1,Budapest
495,,,
496,,"Budapest=3, Cluj=1, Gyöngyös=1",Budapest
497,,"Budapest=1, London=1",
498,,"Paris=1, Sibiu=1",
499,,Budapest=1,
500,,Budapest=2,
501,,"Budapest=1, London=1",
502,,Budapest=1,
503,,,Körmend
504,,Cluj=2,
505,,,Budapest
506,,Budapest=1,Sárospatak
507,,London=1,
508,,Budapest=1,
509,,London=1,
510,,Budapest=2,Budapest
511,,London=1,
512,,London=1,
513,,"Bratislava=1, Budapest=4, Nitra=1, Olomouc=1, Pápa=1, Tîrgu-Mureş=1",Budapest
514,,Budapest=1,
515,,,
516,,"Tîrgu Mureş=1",
517,,"Tîrgu Mureş=1",
518,,Güssing=1,
519,,"Alba Iulia=1, Bucureşti=4, Budapest=1, Cluj=1",
520,,"Budapest=1, Cluj=2",
521,,"Budapest=1, Sopron=1",
522,,"Leningrad=1, Moskva=1, Sofija=1",Hilandar
523,,"Braşov=6, Budapest=10, Cluj=2, Debrecen=1, Mediaş=1, Sibiu=11, Sighişoara=3, Tîrgu Mureş=1, Washington=1, Wien=1","Marosvásárhely, Sepsiszentgyörgy"
524,,"Braşov=6, Bratislava=1, Budapest=9, Cluj=4, Debrecen=1, Mediaş=1, Sibiu=9, Sighişoara=3, Tîrgu Mureş=1",Marosvásárhely
525,,"Budapest=5, Cluj=2, Debrecen=3, Hódmezővásárhely=1, Kecskemét=1, Pannonhalma=1, Pápa=1, Sárospatak=1, Szeged=1, Zalău=1","Budapest, Marosvásárhely, Sepsiszentgyörgy"
526,,London=1,
527,,Sighişoara=1,Kolozsvár
528,,"Budapest=4, Debrecen=1, Esztergom=1, Pécs=1, Spišská Nová Ves=1","Budapest, Csíksomlyó, Eger"
529,,Roma=1,
530,,Trnava=3,
531,,Budapest=3,Budapest
532,,"Budapest=1, Güssing=1",
533,,Güssing=1,
534,,"Güssing=1, Rožnava=1",
535,,,Körmend
536,,Göttingen=1,Németújvár
537,,Sopron=1,
538,,"Budapest=5, Cluj=1, ’s-Gravenhage=1, Leiden=1, London=2, München=1, Székesfehérvár=1, Tîrgu Mureş=1, Washington=1, Wien=1",
539,,"Budapest=7, Cluj=2, Debrecen=1, Pápa=1, Zalău=1","Budapest, Csurgó, Debrecen, Sárospatak"
540,,Budapest=1,
541,,"Bratislava=6, Bucureşti=1, Budapest=10, Cluj=2, Debrecen=2, Esztergom=1, Martin=1, Oponice=3, Sárospatak=1, Tata=1, Tîrgu Mureş=2","Csetnek, Késmárk, Nagyenyed"
542,,Budapest=1,
543,,,
544,,"Budapest=2, Tîrgu Mureş=3",
545,,"Tîrgu Mureş=1",
546,,"Budapest=4, Sibiu=2, Sighişoara=1, Tîrgu Mureş=1",Brassó
547,,"Budapest=4, Wien=1","Budapest, Győr"
548,,,
549,,"Alba Iulia=1, Banská Bystrica=1, Banská Štiavnica=1, Betliar=1, Bratislava=4, Brno=1, Budapest=15, Cambridge/USA=1, Cluj=1, Debrecen=2, Eger=2, Esztergom=1, Göttingen=1, Göttweig=1, Gyöngyös=2, Jena=1, Keszthely=1, Klosterneuburg=1, Kraków=2, Levoča=1, Pannonhalma=1, Pápa=1, Pécs=2, Sárospatak=1, Sibiu=1, Szeged=1, Tîrgu Mureş=2, Trnava=1, Varaždin=1, Veszprém=1, Wien=2, Wrocław=1",Nyitra
550,,,
551,,,
552,,"Bratislava=2, Budapest=5, Güssing=1, Pápa=1, Stockholm=1",Sárospatak
553,,"Bratislava=2, Budapest=6, Pápa=1, Stockholm=1","Budapest, Pápa, Sárospatak"
554,,"Bratislava=3, Budapest=7, Pápa=3, Stockholm=1",Sárospatak
555,,"Budapest=1, Wien=1",
556,,Budapest=2,Németújvár
557,,Budapest=6,
558,,,
559,,,
560,,"Budapest=1, Cambridge/USA=1, Debrecen=1, Pápa=1","London, Sárospatak"
561,,,
562,,"Halle=1, Martin=1, Rožnava=1",
563,,"Bratislava=1, Budapest=1",
564,,,
565,,"Alba Iulia=1, Budapest=5, Cluj=4, Kalocsa=1, Kraków=1, Poznań=1, Praha=1",
566,,Olomouc=1,
567,,"Budapest=1, London=1, Paris=1, Sibiu=1, Tîrgu Mureş=1",
568,,,
569,,"Budapest=1, Cambridge=2, Roma=1, Trenčin=1, Venezia=1",
570,,,
571,,Graz=1,
572,,"Budapest=3, Debrecen=1, Győr=1",
573,,,
574,,"Bratislava=1, Kežmarok=1, Kraków=1, Levoča=1",
575,,,
576,,"Banská Štiavnica=1, Bratislava=2, Budapest=7, Cluj=1, Halle=1, Kežmarok=1, Kremnica=1, Prešov=1, Wrocław=1","Németújvár, Sárospatak"
577,,,
578,,Bucureşti=1,
579,,Bucureşti=2,
580,,Leningrad=1,
581,,Moskva=1,
582,,Cluj=1,
583,,Cluj=1,
584,,"Budapest=11, Cluj=3, Debrecen=3, Košice=1, Levoča=1, London=1, Sárospatak=1, Szeged=1, Tîrgu Mureş=1",
585,,Budapest=2,
586,,Budapest=2,
587,,Budapest=1,
588,,"Budapest=2, Cambridge=1, Cluj=1, Madrid=1, Paris=1, Pécs=1, Venezia=1",
589,,Budapest=1,
590,,"Budapest=2, Levoča=2",
591,,Budapest=1,
592,,,
593,,Budapest=1,
594,,Budapest=1,
595,,"Budapest=2, Debrecen=1",
596,,Cluj=1,
597,,,
598,,Budapest=1,
599,,"Graz=1, München=1, Olomouc=1",
600,,,
601,Vacat!,,
602,,Budapest=1,
603,,Budapest=1,
604,,Budapest=3,
605,,,
606,,"Bucureşti=1, Cluj=1",
607,,Budapest=1,
608,,Budapest=2,
609,,"Budapest=10, Cluj=2, Debrecen=2, Esztergom=1, Pápa=1, Sárospatak=1, Szeged=1, Tîrgu Mureş=1",
610,,Debrecen=1,
612,,Cluj=1,
613,,,Budapest
614,,Budapest=3,
615,,Budapest=2,Debrecen
616,,"Budapest=1, Montbrison=1, Paris=1, Płock=1",
617,,Budapest=2,
618,,"Budapest=1, Sopron=1",
619,,Tranava=3,
620,,"Alba Iulia=1, Betliar=1, Budapest=8, Cluj=4, Debrecen=1, Eger=1, Esztergom=1, Gyöngyös=2, Győr=1, Kalocsa=1, Pannonhalma=1, Pécs=1, Sárospatak=1, Szeged=1, Székesfehérvár=1, Zagreb=1","Kolozsvár, Szombathely"
621,,,
622,,Levoča=1,
623,,"Budapest=3, Cluj=1",Sárospatak
624,,Cluj=1,
625,,"Budapest=1, Cluj=1",Budapest
626,,"Budapest=1, Cluj=2",Szászváros
627,,Cluj=2,
628,,Budapest=1,
629,,Budapest=1,
630,,"Budapest=2, Olomouc=1",
631,,,
632,,"Aiud=1, Alba Iulia=1, Bratislava=4, Brno=1, Budapest=10, Cluj=4, Debrecen=2, Dolný Kubín=1, Eger=1, Esztergom=1, Gyöngyös=2, Kalocsa=1, Košice=1, Martin=1, Nové=1, Pannonhalma=1, Pécs=1, Sárospatak=1, Szeged=2, Székesfehérvár=1, Veszprém=1, Zagreb=1","Kolozsvár, Malacky, Szepesváralja, Szombathely"
633,,"Alba Iulia=1, Bratislava=4, Brno=1, Budapest=9, Cluj=3, Debrecen=2, Dolný Kubín=1, Esztergom=1, Gyöngyös=5, Kalocsa=1, Martin=1, Pécs=1, Sárospatak=1, Szécsény=2, Szeged=2, Székesfehérvár=1, Veszprém=1","Kolozsvár, Szeged"
634,,"Sibiu=1, Wien=1",
635,,Budapest=2,
636,,,Sárospatak
637,,"Bratislava=1, Budapest=4",Sárospatak
638,,"Alba Iulia=1, Bratislava=1, Bucureşti=1, Budapest=8, Cluj=1, Debrecen=2, Göttingen=1, Győr=1, Jasov=1, Kalocsa=1, Košice=1, Kraków=3, Leiden=1, London=1, München=1, Pannonhalma=1, Płock=1, Poznań=2, Praha=2, Szeged=1, Tîrgu Mureş=1, Warszawa=3, Wrocław=2, Zirc=1",
639,,Debrecen=1,
640,,Cluj=1,
641,,Cluj=1,
642,,Kežmarok=1,
643,,,
644,,Cluj=1,
645,,Budapest=1,
646,,Budapest=4,
647,,Budapest=1,
648,,Budapest=2,
649,,Pannonhalma=1,Körmend
650,,,
651,,,
652,,"Alba Iulia=2, Bratislava=4, Budapest=13, Cluj=10, Debrecen=2, Jasov=1, Kalocsa=1, Kecskemét=1, København=1, Košice=1, Olomouc=1, Oponice=4, Prešov=1, Rožnava=1, Sabinov=1, Sárospatak=3, Szeged=1, Tîrgu Mureş=2, Topoľčianky=1, Vizsoly=1, Wien=1","Debrecen, Máramarossziget, Miskolc, Sopron"
653,,"Bratislava=1, Budapest=2",
654,,"Budapest=1, Kežmarok=1",
655,,"Budapest=1, Kežmarok=1",Sárospatak
656,,"Budapest=1, Kežmarok=1",
657,,"Budapest=1, Debrecen=2, Sárospatak=1, Tîrgu Mureş=1",
658,,"Budapest=1, Kežmarok=1",
659,,Kežmarok=1,
660,,Budapest=1,
661,,"Budapest=2, Cluj=1",Szatmárnémeti
662,,Budapest=3,
663,,Budapest=1,
664,,Budapest=2,
665,,"Aiud=1, Budapest=3, Cluj=3, Olomouc=1, Sárospatak=1","Kunszentmiklós, Marosvásárhely, Sepsiszentgyörgy"
666,,Budapest=1,
667,,,
668,,Budapest=1,
669,,,
670,,"Budapest=3, Tîrgu Mureş=1","Budapest, Szombathely, Zágráb"
671,,"Budapest=6, Cluj=1, Esztergom=1, Olomouc=1, Pannonhalma=1",Szombathely
672,,"Budapest=1, London=2",
673,,"Tîrgu Mureş=1",
674,,"Tîrgu Mureş=1",
675,,Sibiu=2,
676,,Budapest=2,Sárospatak
677,,"Bratislava=1, Budapest=5, Dolný Kubín=1, Halle=2, Kežmarok=2","Esztergom, Sárospatak"
678,,"Budapest=1, Kežmarok=1",
679,,Budapest=1,
680,,Budapest=1,Budapest
681,,Cluj=1,
682,,,
683,,Budapest=2,Budapest
684,,Budapest=1,
685,,Budapest=1,Budapest
686,,"Budapest=3, Cluj=1, Tîrgu Mureş=1",
687,,"Budapest=3, Cluj=1, Debrecen=1",
688,,,
689,,,
690,,"Budapest=1, Cluj=1",Budapest
691,,Budapest=1,
692,,Cluj=1,
693,,Budapest=1,
694,,,
695,,,
696,,,
697,,,
698,,,Budapest
699,,Budapest=1,
700,,,
701,,,Körmend
702,,,
703,,,
704,,Budapest=1,
705,,"Budapest=1, Debrecen=1, London=1, Sárospatak=1",
706,,"Tîrgu Mureş=1",
707,,"Tîrgu Mureş=1",
708,,"Tîrgu Mureş=1",
709,,"Budapest=4, Halle=1",Esztergom
710,,"Bratislava=1, Budapest=2, Halle=1, Kežmarok=1","Budapest, Sárospatak"
711,,"Bratislava=1, Budapest=4, Cluj=1, Halle=2, Kežmarok=2",
712,,Praha=1,
713,,"Budapest=2, Sárospatak=1",Alsósebes
714,,Kežmarok=1,
715,,"Banská Štiavnica=1, Budapest=4, Halle=1, Prešov=1, Sárospatak=1",
716,,Debrecen=1,
717,,,Budapest
718,,"Budapest=2, Cluj=1",
719,,"Agnita=1, Aiud=2, Alba Iulia=1, Braşov=1, Bratislava=1, Budapest=10, Cluj=4, Debrecen=2, Dolný Kubín=1, Eger=1, Keszthely=1, Kežmarok=2, Levoča=2, Odorhei=1, Pannonhalma=1, Prešov=1, Sárospatak=1, Sibiu=3, Tîrgu Mureş=4, Zagreb=1, Zirc=1","Arad, Késmárk, Sepsiszentgyörgy"
720,,,
721,,,"Brassó, Budapest"
722,,Budapest=1,
723,,,
724,,"Tîrgu Mureş=1",
725,,,
726,,"Bratislava=1, Budapest=3, Cluj=1, Gyöngyös=1, Pannonhalma=1, Wien=1",Németújvár
727,,,Budapest
728,,"Sárospatak,=1",
729,,Budapest=2,"Budapest, Sárospatak"
730,,Budapest=1,Leipzig
731,,"Budapest=2, Cluj=2, Zagreb=1",Kolozsvár
732,,"Alba Iulia=1, Bratislava=1, Budapest=1",
733,,"Budapest=1, Székesfehérvár=1","Budapest, Sárospatak"
734,,"Tîrgu Mureş=1",
735,,"Graz=1, Ljubljana=1",
736,,"Graz=1, Ljubljana=1",
737,,Graz=1,
738,,"Budapest=3, Cluj=1, Debrecen=1, Sárospatak=1",
739,,Kremnica=1,
740,,Braşov=1,
741,,Budapest=2,
742,,,
743,,"Budapest=1, Tîrgu Mureş=1",
744,,,
745,,"Budapest=3, Cambridge,=1, Madrid=1, Napoli=1, Oxford=1, Prešov=1",
746,,,
747,,,
748,,,
749,,Trnava=3,
750,,Berlin=1,
751,,,
752,,Sibiu=1,
753,,,
754,,Sibiu=2,
755,,,
756,,Budapest=1,
757,Vacat!,,
758,,"Budapest=2, Kremnica=1",
759,,Budapest=2,
760,,"Budapest=5, Cluj=1, Kežmarok=1",
761,,Budapest=1,
762,,"Budapest=2, Sibiu=1",
763,,,Pozsony
764,,"Budapest=1, Bytča=1",
765,,Budapest=4,
766,,"Budapest=6, Cluj=1, Debrecen=2",Budapest
767,,"Brno=1, Budapest=10, Cluj=3, Debrecen=1, Győr=1, Pannonhalma=1",Marosvásárhely
767,A,Wien=1,
768,,,
769,,,
770,,"Budapest=3, Cluj=1, Kežmarok=1",
771,,"Alba Iulia=1, Budapest=1",
772,,"Bratislava=1, Budapest=2, Eger=1",
773,,"Bratislava=2, Bucureşti=1, Budapest=10, Debrecen=1, Kežmarok=1, Kremnica=1, Martin=1, Nitra=1, Revúca=1, Sibiu=2, Tisovec=1",
774,,"Budapest=1, Debrecen=1",
775,,Debrecen=1,
776,,,Sárospatak
777,,Budapest=1,
778,,"Budapest=1, Debrecen=1",
779,,Cluj=2,
780,,"Bern=1, Budapest=1, Strängnäs=1",
781,,"Alba Iulia=1, Bratislava=3, Budapest=10, Cluj=3, Debrecen=1, Esztergom=1, Gyöngyös=2, Kalocsa=1, Pannonhalma=1, Pécs=1, Sárospatak=1, Veszprémi=1, Zagreb=1",
782,,,Budapest
783,,Budapest=1,
784,,Budapest=1,
785,,Budapest=2,Budapest
786,,"Budapest=3, Sárospatak=1, Sibiu=1, Tîrgu Mureş=1","Budapest, Budapest"
787,,"Budapest=1, Debrecen=1",
788,,Cluj=1,
789,,Budapest=2,
790,,"Budapest=3, Debrecen=2, Halle=1, Kežmarok=1, Sibiu=1, Tîrgu Mureş=1",Besztercebánya
791,,"Budapest=2, Cluj=1, Halle=1, Kežmarok=2",
792,,Budapest=1,
793,,"Bratislava=2, Budapest=3, Cluj=1, Nitra=1, Pápa=1, Sárospatak=1, Tîrgu Mureş=1","Kolozsvár, Sepsiszentgyörgy"
794,,Sibiu=1,
795,,Martin=2,
796,,Budapest=1,
797,,"Budapest=1, Martin=1",
798,,Halle=1,
799,,,Sárospatak
800,,,Sárospatak
801,,Budapest=1,
802,,Cluj=1,"Budapest, Sárospatak"
803,,Budapest=1,
804,,,
805,,"Budapest=1, Cluj=1",
806,,"Tîrgu Mureş=1",
807,,"Budapest=1, Cluj=1",
808,,"Alba Iulia=2, Bratislava=1, Budapest=3, Cluj=4, Debrecen=1, Gyöngyös=1, Pannonhalma=1, Sibiu=2, Sighişioara=1, Tîrgu Mureş=1",
809,,,
810,,"Budapest=2, Gyöngyös=1","Budapest, Szombathely"
811,,,
812,,,
813,,Budapest=1,
814,,"Budapest=2, Kežmarok=1",
815,,"Aiud=1, Budapest=5, Cluj=3, Kežmarok=1, Nyírkáta=1, Sárospatak=1, Sibiu=1, Tîrgu Mureş=1",Szombathely
816,,Budapest=1,
817,,"Budapest=2, Martin=1",
818,,Cluj=1,
819,,"Budapest=1, Martin=1",
820,,Budapest=1,
821,,"Budapest=2, Revúca=1",
822,,Budapest=1,
823,,"Budapest=1, Kežmarok=1, Revúca=1",
824,,"Budapest=3, Levoča=1",
825,,Martin=1,
826,,"Budapest=2, Debrecen=1",
827,,"Budapest=3, Halle=1",
828,,"Berlin=1, Bratislava=1, Budapest=4, Cluj=3, Pápa=1, Sárospatak=1, Spišská=1, Tîrgu Mureş=1",
829,,"Betliar=1, Bratislava=3, Brno=1, Budapest=5, Cluj=1, Debrecen=2, Göttingen=1, Keszthely=1, Kraków=3, Levoča=1, München=1, Pannonhalma=1, Pápa=1, Poznań=3, Szeged=1, Tîrgu Mureş=2, Wien=1, Wrocław=1",
830,,"Bratislava=1, Budapest=5, Cluj=2, Debrecen=2, Prešov=1, Sárospatak=1, Tîrgu Mureş=1","Szászváros, Szatmárnémeti"
831,,"Budapest=1, Cluj=1",
832,,,
833,,Budapest=1,
834,,Košice=1,
835,,Szeged=1,
836,,"Aiud=1, Alba Iulia=1, Budapest=11, Cluj=11, Debrecen=2, Eger=1, Keszthely=2, Pécs=1, Providence/R.=1, Sárospatak=1, Sibiu=4, Székesfehérvár=1, Tîrgu Mureş=7","Máramarossziget, Sepsiszentgyörgy"
837,,Budapest=1,
838,,"Budapest=3, Esztergom=1",Budapest
839,,Sibiu=1,
840,,Budapest=1,
841,,,
842,,"Braşov=2, Budapest=1",Kolozsvár
843,,Debrecen=1,
844,,Kremnica=1,
845,,Martin=1,
846,,"Aiud=1, Brasov=1, Bratislava=2, Budapest=11, Cluj=2, Debrecen=1, Dolny=1, Halle=1, Keszthely=1, Kežmarok=1, London=1, Martin=2, Olomouc=1, Praha=1, Sárospatak=1, Sibiu=1, Spišská Nová Ves=1, Stuttgart=1, Szeged=1, Tîrgu Mureş=2, Trenčin=1, Wien=1, Zagreb=1",Nyitra
847,,"Bratislava=1, Budapest=5",
848,,Budapest=1,
849,,Budapest=1,
850,,Gotha=1,
851,,Debrecen=1,
852,,"Budapest=2, Cluj=1, Halle=1, Kežmarok=1",Budapest
853,,Budapest=1,
854,,"Bratislava=2, Budapest=5, Esztergom=1, Győr=1, Halle=1",
855,,,
856,,,
857,,"Budapest=2, Cluj=2",Budapest
858,,Budapest=2,Budapest
859,,Budapest=1,
860,,"Budapest=2, Cluj=1, Graz=1","Budapest, Mikháza, Sepsiszentgyörgy"
861,,Budapest=5,
862,,Göttweig=1,
863,,"Budapest=3, Cluj=3, Debrecen=2, Sárospatak=1, Sibiu=1, Tîrgu Mureş=2",
864,,,
865,,"Budapest=2, Berlin=1, Csurgó=1, Sárospatak=1",
866,,Cluj=1,
867,,,
868,,"Alba Iulia=1, Bratislava=1, Budapest=5, Cluj=3, Debrecen=1, Esztergom=1, Gyöngyös=3, Olomouc=1, Pannonhalma=1, Zagreb=1",Szeged
869,,"Budapest=2, London=1",
870,,Budapest=1,
871,,,
872,,,
873,,"Budapest:=2, Debrecen=1, Sárospatak=1",
874,,"Budapest:=3, Cluj-Napoca:=1, Debrecen=1, Sárospatak=1",
875,,,
876,,Budapest=1,
877,,,
878,,,Sepsiszentgyörgy
879,,"Budapest=1, Cluj-Napoca=1",
1,,,
2,,,
3,,,
4,,,
4,A,,
5,,,
5,A,,
6,,,
7,,,
8,,,
9,,,
10,,,
11,,,
12,,,
13,,,
14,,,
15,,,
16,,,
17,,,
18,Vacat!,,
19,,,
20,,,
21,,,
22,,,
23,,,
24,,,
25,,,
26,,,
26,A,,
26,B,,
27,,,
27,A,,
28,,,
29,,,
30,,,
31,,,
32,,,
33,,,
33,A,,
34,,,
35,,,
36,,,
37,,,
38,,,
39,,,
40,,,
41,,,
42,,,
43,,,
44,,,
45,,,
46,,,
47,,,
48,,,
49,,,
50,,,
51,,,
52,,,
53,,,
53,A,,
54,,,
55,,,
56,,,
57,,,
58,,,
59,,,
60,,,
61,,,
62,,,
63,,,
64,,,
65,,,
66,,,
67,,,
68,,,
68,A,,
69,,,
70,,,
71,,,
72,,,
73,,,
74,,,
880,,,
881,,Braşov=2,
882,,Budapest=1,
883,,Budapest=1,
884,,Debrecen=1,
885,,Cluj-Napoca=2,
886,,"Alba Iulia=1",
887,,Budapest=1,
888,,"Budapest:=2, Debrecen=1",
889,,,
890,,"Bratislava=1, Budapest=2, Csurgó=1, Pannonhalma=1",
891,,"Budapest=2, Sighişoara=1",Budapest
892,,,
893,,Bratislava=1,
894,,"Bratislava=1, Budapest=3, Debrecen=1, Sárospatak=1",Székelykeresztúr
895,,"Budapest:=4, Cluj-Napoca:=2, Debrecen=1, Sárospatak=1, Tîrgu Mureş=1",
896,,,
897,,"Budapest=1, München=1",
898,,"Chicago=1, London=1, Stuttgart=1",
899,,Budapest=3,
900,,Budapest=1,
901,,"Budapest=2, Cluj-Napoca=1",
902,,"Budapest=3, Cluj-Napoca=1, Debrecen=1, Tîrgu Mureş=1",
903,,Sopron=4,
904,,"Budapest=5, Cluj-Napoca=1",
905,,"Budapest=3, Cluj-Napoca=1, Martin=1",
906,,,Losonc
907,,"Budapest=3, Cluj-Napoca=2, Debrecen=1, Olomouc=1, Praha=1",
908,,"Budapest=1, Debrecen=1",
909,,"Budapest=2, Cluj-Napoca=1, Debrecen=2, Sárospatak=1, Szeged=1",Betlér
910,,"Budapest=2, Sárospatak=1, Wien=1",
911,,Budapest=1,
912,,"Budapest=1, Wien=1",
913,,"Budapest=2, Sárospatak=1",
914,,"Budapest=1, Sárospatak=1",
915,,"Budapest=1, Sárospatak=1, Wien=1",
916,,Budapest=1,
917,,Bytča=1,
918,,,
919,,"Budapest=2, Cluj-Napoca=1, Debrecen=1, Tîrgu Mureş=1",
920,,,
921,,,
922,,Sibiu=1,
923,,,
924,,Budapest=1,
925,,"Budapest=4, Cluj-Napoca=1, Debrecen=1, Sárospatak=1, Tîrgu Mureş=1",
926,,,
927,,"Budapest=1, Debrecen=1",
928,,Budapest=1,
929,,,
930,,Debrecen=1,
931,,Debrecen=1,
932,,"Debrecen=1, Tîrgu Mureş=1",
933,,"Berlin=1, Bratislava=1, Budapest=5, Graz=1, Gyöngyös=1, Wien=1",
934,,Graz=1,
935,,Cluj-Napoca=1,
936,,,
937,,"Budapest:=3, Debrecen=1",
938,,Braşov=1,
939,,,
940,,Braşov=1,
941,,"Göttingen=1, Levoča=1",
942,,,
943,,Budapest=1,
944,,,
945,,Budapest=2,Budapest
946,,"Budapest=1, Martin=1",
947,,Braşov=2,
948,,Braşov=1,
949,,,
950,,Debrecen=1,
951,,,Sárospatak
952,,"Budapest=1, Praha=1",
953,,Budapest=1,
954,,"Budapest=2, Debrecen=1",
955,Vacat!,,
956,,Budapest=1,
957,,Budapest=1,
958,,Pápa=1,Debrecen
959,,"Braşov=2, Cluj-Napoca=3, Debrecen=1, Pápa=1, Sárospatak=1",Pozsony
960,,Budapest=1,
961,,"Bratislava=1, Budapest=4, Zagreb=1",
962,,"Budapest=4, Cluj-Napoca=1, London=1, Marburg=1, Wroclaw=1",Debrecen
963,,,
964,,Braşov=1,
965,,Budapest=1,
966,,Kežmarok=1,
967,,"Berlin=1, Budapest=3, Cluj-Napoca=1, Praha=1, Sárospatak=1",
968,,Budapest=1,
969,,,
970,,,
971,,"Budapest:=4, Cluj-Napoca:=2, Debrecen=1, Sárospatak=1",
972,,"Budapest=4, Cluj-Napoca=1",
973,,,
974,,"Budapest=1, Prešov=1",
975,,"Banská Bystrica=1, Budapest=2, Leipzig=1",
976,,"Budapest=1, Martin=1, Sárospatak=1",
977,,,
978,,"Budapest=3, Debrecen=1",
979,,,
980,,"Budapest=1, Cluj-Napoca=1, Praha=1",
981,,,
982,,Ljubljana=1,
983,,"Tîrgu Mureş=2",
984,,"Aiud=1, Budapest=3, Debrecen=1, Gyöngyös=1, Košice=1",
985,,Budapest=1,Eger
986,,"Debrecen=1, Praha=1",
987,,Budapest=2,
988,,"Bratislava=1, Budapest=1, Kežmarok=1, Martin=1",
989,,"Budapest:=3, Martin=1",
990,,,
991,,,
992,,"Budapest:=3, Cluj-Napoca=1, Debrecen=1, Sárospatak=1, Tîrgu Mureş=1",
993,,"Budapest=2, Cluj-Napoca=3, Sárospatak=1, Tîrgu Mureş=1",
994,,"Budapest:=4, Cluj-Napoca=1, Martin=1, Sárospatak=1, Tîrgu Mureş=1",
995,,"Budapest:=3, Cluj-Napoca=1, Debrecen=1, Sárospatak=1",
996,,"Bratislava=1, Budapest=3, Dolný Kubín=1, Kežmarok=2, Miskolc=1",
997,,Budapest=4,
998,,Budapest=1,
999,,Budapest=3,
1000,,"Budapest=1, Cluj-Napoca=1",Székelykeresztúr
1001,,,
1002,,"Budapest:=3, Cluj-Napoca=1, Martin=1",
1003,,"Budapest=2, Graz=1, Praha=1",
1004,,"Budapest=2, Cluj-Napoca=1",
1005,,,
1006,,Budapest=1,
1007,Vacat!,,
1008,,,
1009,,"Tîrgu Mureş=1",
1010,,,
1011,,"Budapest=4, Cluj-Napoca=2, Debrecen=1, Sárospatak=1, Tîrgu Mureş=1",
1012,,"Budapest:=4, Cluj-Napoca:=2, Debrecen=1, Sárospatak=1, Tîrgu Mureş=1",
1013,,Budapest=1,
1014,,,
1015,,"Budapest=2, Levoča=1, Prešov=1, Sárospatak=1",
1016,,"Budapest=2, Cluj-Napoca=2",
1017,,Budapest=2,
1018,,"Budapest=3, Martin=1, Tîrgu Mureş=1",
1019,,,
1020,,,
1021,,Ljubljana=1,
1022,,Praha=2,
1023,,Budapest=3,
1024,,"Alba Iulia=1, Bratislava=2, Budapest=4, Kežmarok=1, Olomouc=1",
1025,,Budapest=1,
1026,Vacat!,,
1027,,Cluj-Napoca=2,
1028,,"Budapest=1, Halle=1",
1029,,"Budapest=2, Praha=1",
1030,,"Budapest:=3, Cluj-Napoca:=2, Sárospatak=1",
1031,,"Budapest=2, Cluj-Napoca=1, Debrecen=3, Sárospatak=1",
1032,,Budapest=1,
1033,,Wolfenbüttel=1,
1034,,"Budapest=1, Cluj-Napoca=1",
1035,,"Budapest=3, Martin=1",
1036,,,
1037,,"Budapest:=4, Cluj-Napoca:=2, Debrecen=1, Sárospatak=1, Tîrgu Mureş=1",
1038,,"Budapest:=2, Cluj-Napoca=1, Debrecen=1",
1039,,Budapest=1,
1040,,"Budapest:=3, Cluj-Napoca:=2",
1041,,Budapest=1,
1042,,"Tîrgu Mureş=1, Zagreb=1",
1043,,Cluj-Napoca=1,
1044,,Cluj-Napoca=1,
1045,,"Tîrgu Mureş=1",
1046,,"Budapest=4, Odorhei=1",
1047,,,
1048,,"Aiud=1, Cluj-Napoca=1, Zalău=1",Sárospatak
1049,,"Cluj-Napoca=1, Martin=1",
1050,,"Bratislava=1, München=1, Wien=1",
1051,,Budapest=1,
1052,,Budapest=2,
1053,,"Budapest=2, Kežmarok=1, Wien=1",Szeben
1054,,"Budapest=1, Halle=1, Jena=1, Wolfenbüttel=1",
1055,,"Budapest=2, Martin=4",
1056,,,
1057,,"Banská Bystrica=1, Budapest=3",Budapest
1058,,"Budapest=4, Debrecen=1, Tîrgu Mureş=1",Kolozsvár
1059,,"Budapest:=4, Cluj-Napoca:=2, Debrecen=1, Martin=1, Sárospatak=1",
1060,,Debrecen=1,
1061,,Debrecen=1,
1062,,,
1063,,"Cluj-Napoca=1, Odorhei=1",
1064,,,
1065,,,
1066,,"Budapest=1, Wolfenbüttel=1",
1067,,"Budapest=1, Cluj-Napoca=1",
1068,,"Halle=1, Wolfenbüttel=1",
1069,,,Kassa
1070,,Sopron=1,
1071,,,
1072,,"Banská Bystrica=1, Bratislava=1, Budapest=3, Kecskemét=1, Keszthely=1, Kežmarok=1",
1073,,"Bratislava=2, Budapest=2, Debrecen=1",
1074,,Bratislava=1,
1075,,Martin=2,
1076,,,
1077,,"Budapest=2, Martin=1, Olomouc=1",Lőcse
1078,,Budapest=2,Eger
1079,,Budapest=1,
1080,,"Budapest=6, Pannonhalma=1, Wien=1",
1081,,"Budapest=2, Cluj-Napoca=3, Debrecen=1, Roma=1, Sárospatak=1, Sfîntu-Gheorghe=1, Tîrgu Mureş=1",
1082,,"Budapest=2, Debrecen=1",
1083,,"Budapest=1, Pápa=1",
1084,,,Sárospatak
1085,,Budapest=1,
1086,,Budapest=4,
1087,,Budapest=1,
1088,,Budapest=1,
1089,,Budapest=6,
1090,,Budapest=3,
1091,,"Budapest:=3, Cluj-Napoca=1",
1092,,Budapest=1,
1093,,Budapest=1,
1094,,"Budapest=2, London=1",
1095,,"Budapest=3, Cluj-Napoca=1, Martin=1, Prešov=1, Szeged=1",
1096,,"Budapest=1, Tîrgu Mureş=1",
1097,,Budapest=1,
1098,,Bardejov=1,
1099,,Budapest=1,
1100,,"Bratislava=1, Budapest=3, Cluj-Napoca=1, Esztergom=1, Košice=1, Martin=2",
1101,,"Budapest=3, Cluj-Napoca=1",
1102,,Budapest=1,
1103,,,
1104,,"Budapest:=4, Cluj-Napoca=1, Debrecen=1, Sárospatak=1, Tîrgu Mureş=1",
1105,,"Budapest=4, Sárospatak=2",
1106,,"Budapest=1, Debrecen=1",
1107,,"Tîrgu Mureş=1",
1108,,"Budapest=1, Debrecen=1, Pápa=1",
1109,,"Budapest:=3, Cluj-Napoca:=2, Debrecen=1, Sárospatak=1",
1110,,Budapest=1,
1111,,,
1112,,"Budapest=4, Martin=1, Praha=1, Sárospatak=1",
1113,,"Budapest=1, Bytča=1, Keszthely=6",
1114,,,
1115,,"Budapest=5, Győr=1, Pápa=1, Sárospatak=1, Zürich=1",
1116,,"Budapest:=3, Cluj-Napoca:=2, Martin=1",
1117,,"Budapest=4, Gyöngyös=1, Nitra=1",
1118,,"Alba Iulia=1, Budapest=1, Dolný Kubín=1",
1119,,"Budapest:=4, Cluj-Napoca:=2, Debrecen=1, Martin=1, Sárospatak=1",
1120,,"Budapest:=2, Cluj-Napoca=1, Debrecen=1, Martin=1",
1121,,,
1122,,Sibiu=1,
1123,,Sibiu=1,
1124,,Aţel=1,
1125,,,
1126,,Budapest=1,
1127,,Budapest=1,
1128,,"Budapest:=3, Cluj-Napoca=1, Sárospatak=1",
1129,,Budapest=2,Debrecen
1130,,,Budapest
1131,,"Budapest:=3, Cluj-Napoca:=2, Debrecen=1, Sárospatak=1, Tîrgu Mureş=1",
1132,,"Budapest:=3, Cluj-Napoca:=2, Debrecen=1, Sárospatak=1, Tîrgu Mureş=1",
1133,,Budapest=4,
1134,,Budapest=5,
1135,,"Budapest=4, Kežmarok=1, Miskolc=1",
1136,,"Budapest=5, Eisenstadt=1, Kežmarok=1",
1137,,"Alba Iulia=1, Budapest=2, Martin=1, Pannonhalma=4",Sepsiszentgyörgy
1138,,,
1139,,,
1140,,,
1141,,"Budapest:=4, Debrecen=1",
1142,,,
1143,,Budapest=1,
1144,,"Budapest:=4, Cluj-Napoca:=2, Debrecen=1, Sárospatak=1, Tîrgu Mureş=1",
1145,,"Bratislava=1, Budapest=4",
1146,,"Budapest:=4, Cluj-Napoca=1, Debrecen=1, Martin=1, Sárospatak=1",
1147,,,
1148,,Sibiu=1,
1149,,Budapest=1,
1150,,,
1151,,"Budapest:=4, Cluj-Napoca:=2, Debrecen=1, Martin=1, Sárospatak=1, Tîrgu Mureş=1",
1152,,"Budapest:=3, Cluj-Napoca=1, Debrecen=1",
1153,,Budapest=2,Sárospatak
1154,,"Budapest=4, Pannonhalma=1",
1155,,"Budapest=2, Prešov=1",Miskolc
1156,,Budapest=2,
1157,,Levoča=1,
1158,,Budapest=1,
1159,,Wolfenbüttel=5,
1160,,Esztergom=1,
1161,,"Budapest=6, Pannonhalma=5",
1162,,,
1163,,,
1164,,"Budapest=3, Kalocsa=1, Kežmarok=2, Levoča=1, Sibiu=2",
1165,,Budapest=1,
1166,,"Alba Iulia=1, Budapest=5, Cluj-Napoca=1, Debrecen=1, Esztergom=1, Tîrgu Mureş=1","Miskolc, Sárospatak"
1167,Vacat!,,
1168,,,
1169,,,
1170,,Budapest=2,
1171,,"Budapest=2, Cluj-Napoca=3, Debrecen=1, Sárospatak=2","Budapest, Dés, Debrecen, Erdőszáda"
1172,,Budapest=1,
1173,,"Budapest=1, Cluj-Napoca=1, Pápa=1",
1174,,"Budapest:=3, Cluj-Napoca:=2, Debrecen=1, Sárospatak=1, Tîrgu Mureş=1",
1175,,Budapest=1,
1176,,,
1177,,"Budapest=3, Cluj-Napoca=1, Debrecen=1",
1178,,Budapest=1,
1179,,"Budapest=1, Tîrgu Mureş=1","Debrecen, Gyulafehérvár"
1180,,Gyöngyös=1,
1181,,Wolfenbüttel=1,
1182,,Budapest=1,
1183,,,
1184,,"Budapest=3, Cluj-Napoca=1, Martin=1",
1185,,Budapest=3,Kolozsvár
1186,,,
1187,,"Budapest:=4, Cluj-Napoca:=2, Debrecen=1, Tîrgu Mureş=1",
1188,,,
1189,,Budapest=1,
1190,,Martin=1,
1191,,Levoča=1,
1192,,"Budapest=3, Cluj-Napoca=1",
1193,,"Budapest:=4, Cluj-Napoca=1, Debrecen=1, Martin=1, Sárospatak=1",
1194,,,Máramarossziget
1195,,,Máramarossziget
1196,,,
1197,,Budapest=1,
1198,,Sibiu=1,
1199,,Budapest=1,
1200,A,Budapest=1,
1200,Vacat!,,
1201,,Budapest=1,
1202,,Budapest=2,
1203,,Budapest=3,Eger
1204,,Budapest=3,
1205,,Budapest=2,
1206,,,
1207,,London=1,
1208,,Budapest=1,"Kassa, Marosvásárhely"
1209,,"Budapest=2, Cluj-Napoca=1, Debrecen=1, Győr=1, Leipzig=1, Sárospatak=1, Tîrgu Mureş=1",
1210,,Kežmarok=1,
1211,,Budapest=1,
1212,,Budapest=1,
1213,,Budapest=1,
1214,,Budapest=3,
1215,,Budapest=1,
1216,,"Budapest=1, Tîrgu Mureş=1",
1217,Vacat!,,
1218,Vacat!,,
1219,,"Budapest=3, Cluj-Napoca=2, Sárospatak=2, Tîrgu Mureş=1","Debrecen, Szeged, Torda"
1220,,Levoča=1,
1221,,Budapest=1,
1222,,"Budapest:=4, Cluj-Napoca=1, Sárospatak=1, Tîrgu Mureş=1",
1223,,,
1224,,Budapest=2,
1225,,"Cluj-Napoca=1, Sibiu=1",
1226,,Budapest=1,
1227,,"Genève=1, Kežmarok=1",
1228,,,
1229,,,
1230,,Budapest=2,
1231,,Kežmarok=1,
1232,,Budapest=1,
1233,,Brno=1,
1234,,"Budapest=1, Wien=1",
1235,,,
1236,,"Budapest:=4, Cluj-Napoca:=2, Debrecen=1, Sárospatak=1, Tîrgu Mureş=1",
1237,,"Budapest:=3, Cluj-Napoca:=2, Debrecen=1, Sárospatak=1",
1238,,"Budapest:=4, Cluj-Napoca:=2, Debrecen=1, Sárospatak=1, Tîrgu Mureş=1",
1239,,"Budapest:=4, Cluj-Napoca:=2, Debrecen=1, Martin=1, Sárospatak=1, Tîrgu Mureş=1",
1240,Vacat!,,
1241,,"Budapest=4, Debrecen=1, Sárospatak=1",
1242,,"Budapest=1, Cluj-Napoca=1",Pannonhalma
1243,,,
1244,,,
1245,,"Budapest=1, Tîrgu Mureş=1",
1246,,,
1247,,Debrecen=1,
1248,,Levoča=1,
1249,,,
1250,,,
1251,,"Budapest:=3, Cluj-Napoca:=2, Debrecen=1, Sárospatak=1, Tîrgu Mureş=1",
1252,,Cluj-Napoca=2,Sárospatak
1253,,"Budapest=2, Cluj-Napoca=1",Székelykeresztúr
1254,,Budapest=1,
1255,,"Budapest=3, Dolný Kubín=1",
1256,,Miskolc=1,
1257,,Miskolc=1,
1258,,"Budapest=1, Cluj-Napoca=1",
1259,,Budapest=2,
1260,,Budapest=1,
1261,,,
1262,,"Budapest:=4, Cluj-Napoca:=2, Debrecen=1, Sárospatak=1, Tîrgu Mureş=1",
1263,,Miskolc=1,
1264,,Martin=1,
1265,,"Tîrgu Mureş=1",
1266,,Budapest=1,Kassa
1267,,"Tîrgu Mureş=1",
1268,,Budapest=3,Kolozsvár
1269,,,
1270,,"Budapest:=3, Cluj-Napoca=1, Debrecen=1",
1271,,"Cluj-Napoca=1, Esztergom=1",Székelyudvarhely
1272,,Budapest=1,
1273,,"Dolný Kubín=1",
1274,,Budapest=1,
1275,,Kežmarok=1,
1276,,Martin=1,
1277,,Martin=1,
1278,,"Dolný Kubín=1",
1279,,Debrecen=1,
1280,,"Budapest=2, Kremnica=1",
1281,,Jena=1,
1282,,Sighişoara=1,
1283,,"Budapest=3, Cluj-Napoca=1",Sárospatak
1284,,Bardejov=1,
1285,,Budapest=1,
1286,,Budapest=1,Kolozsvár
1287,,"Budapest=4, Keszthely=1, Kežmarok=1, Martin=1",
1288,,,
1289,,"Alba Iulia=1, Budapest=5, Cluj-Napoca=2","Kolozsvár, Rozsnyó, Szeged, Székelykeresztúr"
1290,,,Székelykeresztúr
1291,,,Székelykeresztúr
1292,,,
1293,,"Budapest:=4, Cluj-Napoca:=2, Debrecen=1, Martin=1, Sárospatak=1, Tîrgu Mureş=1",
1294,,Budapest=1,
1295,,"Budapest=1, Cluj-Napoca=1",
1296,,"Berlin=1, Debrecen=1, Sárospatak=1",
1297,,"Aiud=1, Bratislava=1, Budapest=5, Cluj-Napoca=2",
1298,,"Cluj=1, Pápa=1",
1299,,"Budapest=3, Cluj-Napoca=1, Sárospatak=1, Tîrgu Mureş=1",Debrecen
1300,,"Budapest=3, Cluj-Napoca=3, Debrecen=1, Sárospatak=1, Tîrgu Mureş=2","Debrecen, Máramarossziget"
1301,,"Budapest=4, Cluj-Napoca=2, Esztergom=1, Sárospatak=1, Tîrgu Mureş=1",Debrecen
1302,,Budapest=1,
1303,,Debrecen=1,Sepsiszentgyörgy
1304,,Cluj-Napoca=1,
1305,,Budapest=1,Kolozsvár
1306,,"Budapest:=4, Cluj-Napoca:=2, Debrecen=1, Sárospatak=1, Tîrgu Mureş=1",
1307,,"Budapest:=4, Cluj-Napoca:=2, Debrecen=1, Sárospatak=1, Tîrgu Mureş=1",
1308,,"Budapest:=4, Cluj-Napoca:=2, Debrecen=1, Sárospatak=1, Tîrgu Mureş=1",
1309,,Budapest=1,
1310,,"Budapest=2, Cluj-Napoca=1",
1311,,Budapest=1,
1312,,"Budapest=1, Cluj-Napoca=1",
1313,,,
1314,,Budapest=1,
1315,,Budapest=3,
1316,,,
1317,,Budapest=2,
1318,,Budapest=1,
1319,,"Budapest=3, Cluj-Napoca=1, Esztergom=1, Kecskemét=1",
1320,Vacat!,,
1321,,,
1322,,,Brassó
1323,,Budapest=1,
1324,,"Budapest=1, Eisenstadt=1",
1325,,Budapest=1,
1326,,"Budapest=2, Eisenstadt=1",
1327,,"Budapest=2, Debrecen=1",Sárospatak
1328,,Budapest=1,
1329,,Budapest=3,Kolozsvár
1330,,Budapest=4,
1331,,,Szeben
1332,,"Budapest=1, Kraków=1, Prešov=1",
1333,,Budapest=1,
1334,,"Budapest:=2, Cluj-Napoca:=2, Debrecen=1, Martin=1, Sárospatak=1, Tîrgu Mureş=1",
1335,,,
1336,,,
1337,,Levoča=1,
1338,,Budapest=1,
1339,,Budapest=1,
1340,,,
1341,,"Budapest=1, Levoča=1, Sárospatak=1",
1342,,Budapest=1,Lőcse
1343,,"Budapest=2, Cluj-Napoca=1, Debrecen=1, Eisenstadt=1, Kecskemét=1, Pápa=2",
1344,,Budapest=2,
1345,,"Cluj-Napoca=1, Kežmarok=1, Zagreb=1",
1346,,"Budapest:=3, Cluj-Napoca=1, Debrecen=1, Martin=1",
1347,,"Budapest=4, Cluj-Napoca=3, Debrecen=1, Odorhei=1, Sárospatak=1","Debrecen, Miskolc"
1348,,Budapest=1,
1349,,Budapest=2,
1350,,Bardejov=1,
1351,,"Budapest:=4, Cluj-Napoca=1, Sárospatak=1, Tîrgu Mureş=1",
1352,,"Budapest:=4, Cluj-Napoca:=2, Debrecen=1, Martin=1, Sárospatak=1",
1353,,,
1354,,"Budapest=2, Debrecen=2, Eisenstadt=1, Pápa=1",
1355,,"Budapest=1, Cluj-Napoca=1, Pápa=1",
1356,,"Budapest=3, Cluj-Napoca=1",Kolozsvár
1357,,"Budapest=6, Tîrgu Mureş=1",
1358,,Budapest=1,
1359,,Budapest=2,
1360,,"Aiud=1, Budapest=2, Cluj-Napoca=1, Tîrgu Mureş=1",
1361,,Budapest=1,
1362,,,
1363,,Budapest=2,
1364,,Budapest:=4,
1365,,Budapest=2,
1366,,"Budapest=2, Levoča=1, Martin=1",
1367,,,
1368,,,
1369,,Budapest=1,
1370,,Budapest=3,
1371,,,
1372,,"Budapest=2, Debrecen=1, Košice=1, Sárospatak=2, Tîrgu Mureş=1",
1373,Vacat!,,
1374,,,
1375,,"Budapest:=4, Cluj-Napoca=1",
1376,,"Budapest:=4, Cluj-Napoca=1, Debrecen=1, Martin=1, Sárospatak=1",
1377,,Budapest=1,
1378,,,
1379,,,
1380,,"Budapest:=4, Cluj-Napoca:=2",
1381,,Cluj-Napoca=1,
1382,,Budapest=1,Kolozsvár
1383,,Budapest=1,
1384,,Sibiu=1,
1385,,"Budapest=1, Cluj-Napoca=1",
1386,,"Tîrgu Mureş=1",
1387,,Budapest=1,
1388,,,
1389,,Martin=1,
1390,,Budapest=1,
1391,,"Budapest=4, Cluj-Napoca=1",
1392,,,
1393,,"Budapest=1, Cluj-Napoca=1, Sárospatak=1",
1394,,,
1395,,"Budapest=1, Cluj-Napoca=2",
1396,,,
1397,,,
1398,,Budapest=2,
1399,,Budapest=3,
1400,,"Budapest:=4, Cluj-Napoca:=2, Debrecen=1, Martin=1, Sárospatak=1, Tîrgu Mureş=1",
1401,,"Berlin=1, Budapest=4",
1402,,Wien=1,
1403,,,
1404,,"Budapest:=3, Cluj-Napoca=1",
1405,,"Budapest=1, Pápa=1",
1406,,Braşov=1,
1407,,Budapest=1,
1408,,,
1409,,,
1410,,,
1411,,Budapest=1,
1412,,Budapest=1,
1413,,,
1414,,Budapest=1,
1415,,Kremnica=1,
1416,,"Budapest=1, Cluj-Napoca=1",
1417,,Budapest=1,
1418,,,Budapest
1419,,"Budapest:=4, Cluj-Napoca=1, Debrecen=1, Sárospatak=1",
1420,,Budapest=1,
1421,,"Budapest=3, Kremnica=1, Martin=1",
1422,,Budapest=3,
1423,,"Budapest=2, Cluj-Napoca=1, Halle=1, Martin=1, Praha=1",
1424,,Budapest=1,
1425,,,
1426,,"Budapest=1, Debrecen=2",
1427,,"Budapest:=4, Cluj-Napoca:=2, Debrecen=1, Sárospatak=1, Tîrgu Mureş=1",
1428,,Cluj=1,
1429,,Cluj-Napoca=1,Kolozsvár
1430,,Budapest=1,
1431,,,
1432,,,
1433,,"Cluj-Napoca=1, Praha=1, Spišská Nová Ves=1",
1434,,Cluj-Napoca=1,
1435,,Budapest=1,
1436,,Budapest=1,
1437,,,
1438,,Martin=1,
1439,,"Budapest=3, Debrecen=1, Martin=1, PreSov=1",Csetnek
1440,,"Budapest=2, Martin=1, Prešov=1",
1441,,Budapest=1,
1442,,Martin=1,
1443,,"Bratislava=1, Levoča=1",
1444,,,
1445,,Budapest=1,
1446,,,
1447,,Budapest=1,
1448,,"Budapest:=4, Cluj-Napoca:=2, Debrecen=1, Martin=1, Sárospatak=1",
1449,,,
1450,,,
1451,,Budapest=1,
1452,,Budapest=1,
1453,,"Cluj-Napoca=1, Debrecen=1, Prešov=1",Sepsiszentgyörgy
1454,,Budapest=2,
1455,,,
1456,,,
1457,,Budapest=1,
1458,,,
1459,,,Sárospatak
1460,,,
1461,,,Sárospatak
1462,,"Budapest=1, Cluj-Napoca=1",Kolozsvár
1463,,"Budapest=3, Cluj-Napoca=2",
1464,,"Budapest=2, Cluj-Napoca=1",
1465,,"Budapest=1, Cluj-Napoca=1",Kolozsvár
1466,,,Budapest
1467,,"Budapest=6, Cluj-Napoca=1, Debrecen=1, Tîrgu Mureş=1",
1468,,Cluj-Napoca=1,
1469,,,Nagyszeben
1470,,Sibiu=1,Sárospatak
1471,,Sibiu=1,Sárospatak
1472,,,
1473,,Bratislava=1,
1474,,Revúca=1,
1475,,Budapest=1,
1476,,Budapest=1,
1477,,Cluj-Napoca=1,
1478,,,
1479,,Berlin=1,
1480,,Budapest=1,
1481,,,
1482,,Martin=1,
1483,,"Budapest:=4, Cluj-Napoca:=2, Debrecen=1, Martin=1, Sárospatak=1, Tîrgu Mureş=1",
1484,,"Budapest=2, Pannonhalma=1, Szombathely=1",Budapest
1485,,"Budapest:=4, Cluj-Napoca:=2, Debrecen=1, Martin=1, Sárospatak=1",
1486,,,
1487,,Sibiu=1,
1488,,"Tîrgu Mureş=1",
1489,,"Budapest=3, Cluj-Napoca=1, Debrecen=1, Martin=1",
1490,,"Tîrgu Mureş=1",
1491,,"Budapest=1, Dolný Kubín=1, Graz=1, Sopron=1",
1492,,Budapest=1,
1493,,"Budapest=3, Cluj=1",
1494,,Budapest=1,Sárospatak
1495,,,
1496,,,
1497,,Cluj-Napoca=1,
1498,,"Aiud=1, Cluj-Napoca=1, Debrecen=1",
1499,,"Budapest=2, Cluj-Napoca=1",Kolozsvár
1500,,,
1501,,Budapest=1,
1502,,"Budapest=1, Prešov=1",
1503,,Budapest=1,
1504,,"Budapest=1, Cluj-Napoca=1",
1505,,,
1506,,Kremnica=1,
1507,,Budapest=1,
1508,,Budapest=1,
1509,,"Budapest:=4, Cluj-Napoca:=2, Debrecen=1, Martin=1, Sárospatak=1",
1510,,"Budapest:=3, Cluj-Napoca:=2, Debrecen=1, Martin=1, Sárospatak=1",
1511,,Budapest=1,
1512,,"Budapest=5, Spišská Nová Ves=1",
1513,,"Amberg=1, Budapest=3, Zagreb=1",
1514,,Pannonhalma=1,
1515,,,
1516,,,
1517,,,
1518,,Sibiu=1,
1519,,,
1520,,"Budapest:=3, Cluj-Napoca=1, Martin=1",
1521,,"Budapest:=3, Cluj-Napoca:=2, Debrecen=1, Martin=1, Sárospatak=1",
1522,,,
1523,,Cluj-Napoca=1,
1524,,"Budapest:=3, Cluj-Napoca:=2, Debrecen=1, Sárospatak=1, Tîrgu Mureş=1",
1525,,"Cluj-Napoca=1, Sárospatak=1",
1526,,Cluj-Napoca=1,
1527,,Praha=1,
1528,,Praha=1,
1529,,,Kismarton
1530,,"Budapest=3, Cluj-Napoca=1",Kolozsvár
1531,,Cluj-Napoca=1,
1532,,"Budapest=2, Cluj-Napoca=1",
1533,,"Budapest=3, Cluj-Napoca=2, Sfîntu-Gheorghe=2",
1534,,"Budapest:=3, Sárospatak=1, Tîrgu Mureş=1",
1535,,"Budapest=1, Cluj-Napoca=1, Košice=1",
1536,,"Budapest=1, Cluj-Napoca=1, Košice=1",
1537,,,
1538,,Budapest=1,
1539,,"Dolný Kubín=1, Jasov=1",
1540,,Budapest=1,
1541,,"Budapest=1, Cluj-Napoca=3",
1542,,"Budapest=3, Cluj-Napoca=2","Mihályfalva, Székelykeresztúr"
1543,,,
1544,,"Budapest=3, Cluj-Napoca=1","Budapest, Székelykeresztúr"
1545,,"Budapest=2, Cluj-Napoca=1",
1546,,,
1547,,Budapest=1,
1548,,Dabas=1,
1549,,"Tîrgu Mureş=1",
1550,,Sighişoara=1,
1551,,,
1552,,Budapest=1,
1553,,,
1554,,Sibiu=1,
1555,,,
1555,A,Budapest=1,
1556,,"Budapest=1, Cluj-Napoca=1",
1557,,"Budapest=7, Cluj-Napoca=1, Debrecen=1",
1558,,Budapest=1,
1559,,,
1560,,"Budapest=2, Sárospatak=1",
1561,,"Budapest=3, Debrecen=1, Sárospatak=1",
1562,,"Budapest=2, Cluj-Napoca=3, Sárospatak=1",Debrecen
1563,,"Budapest=2, Cluj-Napoca=2",
1564,,Cluj-Napoca=1,
1565,,Budapest=2,Kolozsvár
1566,,"Budapest:=2, Debrecen=1, Tîrgu Mureş=1",
1567,,,
1568,,"Budapest=1, Cluj-Napoca=1",
1569,,,
1570,,,
1571,,Budapest=1,Debrecen
1572,,,
1573,,Budapest=1,
1574,,Budapest=6,
1575,,Budapest=1,
1576,,"Budapest=3, Cluj-Napoca=2, Debrecen=1, Esztergom=1, Sárospatak=1",Debrecen
1577,,"Budapest=3, Debrecen=1, Sárospatak=1",
1578,,Budapest=1,
1579,,"Cluj-Napoca=1, Debrecen=1, Sárospatak=1","Máramarossziget, Szeben"
1580,,"Cluj-Napoca=2, Sárospatak=2",
1581,,"Budapest=3, Cluj-Napoca=1",Kolozsvár
1582,,Cluj-Napoca=1,Debrecen
1583,,"Budapest:=3, Cluj-Napoca=1, Debrecen=1, Sárospatak=1, Tîrgu Mureş=1",
1584,,,
1585,,"Budapest=2, Sibiu=1",Budapest
1586,,"Budapest=3, Cluj-Napoca=1, Debrecen=1, Tîrgu Mureş=1","Budapest, Koronka, Sárospatak"
1587,,Budapest=1,
1588,,"Budapest=1, Cluj-Napoca=1",
1589,,Budapest=5,
1590,,Budapest=1,
1591,,"London=1, Martin=1",
1592,,,
1593,,,
1594,,"Budapest=2, Debrecen=1, Liptovský Mikuláš=1, Martin=1",
1595,,"Aiud=1, Budapest=1, Cluj-Napoca=1",
1596,,Budapest=1,
1597,,Budapest=1,
1598,,Budapest=3,
1599,,"Tîrgu Mureş=1",
1600,,,
1601,,,
1602,,"Budapest:=3, Debrecen=1",
1603,,"Budapest=3, Cluj-Napoca=1, Debrecen=1",
1604,,"Budapest=1, Pápa=1",
1605,,"Budapest:=3, Cluj-Napoca=1, Debrecen=1, Sárospatak=1, Tîrgu Mureş=1",
1606,,"Cluj-Napoca=1, Martin=1",
1607,,"Budapest=1, Debrecen=1",Brassó
1608,,"Budapest=2, Cluj-Napoca=3, Sárospatak=1","Brassó, Máramarossziget, Szeben"
1609,,"Budapest=4, Cluj-Napoca=1, Debrecen=2, Sárospatak=1, Sibiu=1, Sighişoara=1",
1610,,Budapest=1,"Brassó, Szeben, Sárospatak"
1611,,"Budapest=4, Cluj-Napoca=1",Kolozsvár
1612,,"Budapest=1, Cluj-Napoca=1",Medgyes
1613,,Budapest=1,
1614,,Cluj-Napoca=1,Medgyes
1615,,Budapest=1,
1616,,Cluj-Napoca=1,
1617,,"Budapest=1, Cluj-Napoca=1",
1618,,"Budapest=1, Cluj-Napoca=1",
1619,,,
1620,,Berlin=1,
1621,,Kremnica=1,
1622,,"Dolný Kubín=1, Levoča=1",
75,,,
76,,,
77,,,
78,,,
79,,,
80,,,
81,,,
82,,,
83,,,
84,,,
85,,,
85,A,,
86,,,
87,,,
88,,,
89,,,
90,,,
91,,,
92,,,
93,,,
94,,,
94,A,,
95,,,
96,,,
97,Vacat!,,
98,,,
99,,,
100,,,
101,,,
102,,,
103,,,
104,,,
105,,,
106,,,
107,,,
107,A,,
108,,,
109,,,
110,,,
110,A,,
111,,,
111,A,,
112,,,
113,,,
114,,,
115,,,
116,,,
117,,,
118,,,
118,A,,
119,,,
120,,,
121,,,
122,,,
123,,,
124,,,
125,,,
126,,,
127,,,
128,,,
129,,,
130,,,
131,,,
132,,,
133,,,
134,,,
135,,,
136,,,
137,,,
138,,,
139,,,
140,,,
141,,,
142,,,
143,,,
144,,,
145,,,
146,,,
147,,,
148,,,
149,,,
150,,,
151,,,
152,,,
153,,,
154,,,
155,,,
1623,,Budapest=1,
1624,,,
1625,,Levoča=2,
1626,,,
1627,,"Budapest=1, Levoča=1",
1628,,Budapest=1,
1629,,"Budapest:=2, Cluj-Napoca=1, Martin=1, Sárospatak=1",
1630,,"Budapest=1, Cluj-Napoca=1",
1631,,,
1632,,"Budapest=2, Martin=1, Praha=1",
1633,,Budapest=1,
1634,,"Budapest=3, Cluj-Napoca=2, Debrecen=1, Martin=1, Sárospatak=1, Târgu Mureş=1, Zagreb=1",
1635,,Budapest=1,
1636,,"Budapest=3, Wien=2",
1637,,Melk=1,
1638,,,
1639,,"Budapest=5, Esztergom=1, Odorhei=1",Debrecen
1640,,"Budapest=1, Sibiu=2",
1641,,"Budapest=1, Cluj-Napoca=1, Sighişoara=1",
1642,,"Budapest=1, Cluj-Napoca=1",
1643,,"Braşov=1, Budapest=3, Cluj-Napoca=2, Debrecen=1, Esztergom=1, Kecskemét=1, Sárospatak=1",
1644,,"London=1, Sibiu=1",
1645,,,
1646,,Cluj-Napoca=1,
1647,,"Budapest=1, Cluj-Napoca=1, Szeged=1",
1648,,,
1649,,,
1650,,Budapest=2,
1651,,,
1652,,,
1653,,,
1654,,"Bratislava=1, Budapest=3, Cluj-Napoca=2, Debrecen=2, Sárospatak=1, Szeged=1",
1655,,"Liptovský Mikuláš=2, Martin=1, Praha=1, Valasské=1",
1656,,,
1657,,,
1658,,Budapest=1,
1659,,"Budapest:=3, Cluj-Napoca:=2, Debrecen=1, Sárospatak=1, Szeged=1, Wien=1, Zagreb=1",
1660,,,
1661,,,
1662,,,
1663,,,
1664,,"Târgu Mureş=1",
1665,,Budapest=2,
1666,,Budapest=2,
1667,,Budapest=1,
1668,,,Nagyszeben
1669,,,
1670,,"Budapest=3, Debrecen=1",
1671,,"Budapest=3, Cluj-Napoca=2, Debrecen=2, Kecskemét=1, Sárospatak=1, Târgu Mureş=1",
1672,,Praha=1,
1673,,"Budapest=3, Cluj-Napoca=2, Sighişoara=1",
1674,,"Berlin=1, Budapest=3, Cluj-Napoca=1, Debrecen=2, Sárospatak=1, Târgu Mureş=1, Warszava=1",
1675,,,
1676,,"Marburg=2, Wolfenbüttel=4, Wien=1",
1677,,,
1678,,"Budapest=1, Cluj-Napoca=1, Martin=1",Budapest
1679,,,
1680,,Budapest=1,
1681,,Budapest=1,
1682,,,
1683,,"Budapest=2, Cluj-Napoca=1, London=1, Sárospatak=1",Lőcse
1684,,,
1685,,Martin=1,
1686,,"Budapest=2, Levoča=1, Martin=1",
1687,,,Késmárk
1688,,"Bratislava=1, Budapest=3, Cluj-Napoca=2, Debrecen=1, Martin=1, Sárospatak=1, Szeged=1",
1689,,,
1690,,,
1691,,,Budapest
1692,,,Pozsony
1693,,,
1694,,Budapest=3,
1695,,,
1696,,Cluj-Napoca=1,
1697,,"Bratislava=1, Budapest=1, Cluj-Napoca=2, Debrecen=1, Sárospatak=1, Szeged=1, Wien=1",
1698,,"Banská Bystrica=1",
1699,,,
1700,,Sibiu=1,
1701,,Budapest=1,
1702,,"Brno=2, Budapest=2, Martin=1, Praha=1",
1703,,"Budapest=5, Kalocsa=1",
1704,,"Budapest=2, Martin=1",
1705,,"Bratislava=1, Budapest=2, Liptovský Mikuláš=1",
1706,,"Budapest=1, Martin=1, Praha=1",
1707,,"Budapest=1, Martin=1",
1708,,,
1709,,Budapest=1,
1710,,,
1711,,,
1712,,Budapest=4,
1713,,Budapest=3,
1714,,"Budapest=3, Cluj-Napoca=2, Debrecen=2, Martin=1, Pécs=1, Szeged=1",
1715,,"Budapest=3, Cluj-Napoca=1, Debrecen=2, Gyöngyös=1, Martin=1, Sárospatak=1, Szeged=1",
1716,,"Budapest=3, Cluj-Napoca=1, Debrecen=2, Gyöngyös=1, Martin=1, Sárospatak=1, Pécs=1, Szeged=1",
1717,,"Braşov=2, Budapest=1, Cluj-Napoca=1, Esztergom=1, Sibiu=2",
1718,,Sibiu=1,
1719,,"Budapest=2, Cluj-Napoca=2, Sighişoara=1",
1720,,"Budapest=3, Cluj-Napoca=2, Debrecen=2, Sárospatak=1, Szeged=1, Târgu Mureş=1",
1721,,"Berlin=1, Budapest=4, Cluj-Napoca=1, Debrecen=1, Pápa=1, Szeged=1, Târgu Mureş=1",
1722,,"Budapest=5, Cluj-Napoca=2, Sibiu=1, Braşov=1, Csurgó=1",
1723,,"Sárospatak=1, Târgu Mureş=2",
1724,,,
1725,,"Cluj-Napoca=1, Sibiu=1",
1726,,Cluj-Napoca=1,
1727,,,
1728,,Budapest=1,
1729,,Budapest=1,
1730,,Budapest=3,
1731,,Budapest=1,
1732,,Budapest=1,
1733,,Budapest=1,
1734,,,Nagyenyed
1735,,"Budapest=3, Cluj-Napoca=2, Debrecen=1, Martin=1, Sárospatak=1, Sibiu=1, Târgu Mureş=1",
1736,,Budapest=1,
1737,,Budapest=1,
1738,,Stuttgart=1,
1739,,,
1740,,,
1741,,"Budapest=4, Cluj-Napoca=1, Debrecen=1, Gyöngyös=1, Kecskemét=1, Martin=1","Kolozsvár, Dés"
1742,,,
1743,,,
1744,,Budapest=1,
1745,,Budapest=1,
1746,,,
1747,,,
1748,,"Braşov=1, Sighişoara=1, Wrocław=1",
1749,,,
1750,,"Budapest=7, Šamorín=1",
1751,,"Bratislava=1, Budapest=2",
1752,,Budapest=1,
1753,,,Turócszentmárton
1754,,"Martin=1, Praha=1",
1755,,"Budapest=2, Cluj-Napoca=1, Martin=1, Odorhei=1, Sárospatak=1",
1756,,Budapest=1,
1757,,Budapest=1,
1758,,"Budapest=3, Cluj-Napoca=2, Debrecen=2, Martin=1, Praha=1, Sárospatak=1, Szeged=1, Tîrgu Mureş=1",
1759,,,
1760,,Budapest=1,
1761,,"Alba Iulia=1, Berlin=1, Budapest=2, Cluj-Napoca=2, Debrecen=1, Gyöngyös=1, Martin=1, Sárospatak=1",
1762,,Budapest=1,
1763,,"Budapest=4, Sárospatak=1",
1764,,"Budapest=1, Debrecen=1",
1765,,"Budapest=3, Cluj-Napoca=2, Sighişoara=1",
1766,,Martin=1,
1767,,,
1768,,Budapest=2,
1769,,,
1770,,Budapest=1,
1771,,,
1772,,"Budapest=4, Cluj-Napoca=1, Dolny=1, Levoca=1, Martin=1, Nitra=1, Preşov=1",
1773,,"Braşov=1, Nižnij Novgorod=1",
1774,,"Nižnij Novgorod=1",Marosvásárhely
1775,,,
1776,,Levoča=1,
1777,,Budapest=1,
1778,,,
1779,,Budapest=1,
1780,,"Brno=1, Budapest=1, Liptovský Mikuláš=1",
1781,,Budapest=2,
1782,,Levoča=1,
1783,,,
1784,,Budapest=1,
1785,,,
1786,,,
1787,,Keszthely=1,
1788,,"Bratislava=1, Budapest=3, Cambridge=1, Cluj-Napoca=2, Debrecen=2, Sárospatak=1, Szeged=1, Târgu Mureş=1",
1789,,,Szeben
1790,,,
1791,,Praha=1,
1792,,,
1793,,,
1794,,,Pozsony
1795,,"Bratislava=1, Martin=1",
1796,,,Praha
1797,,"Budapest=1, Dolný Kubín=1, Martin=1",
1798,,Praha=2,
1799,,"Budapest=1, Praha=3",
1800,,"Budapest=1, Praha=1",Késmárk
1801,,,
1802,,,
1803,,"Martin=1, Praha=2",
1804,,Martin=1,
1805,,,
1806,,Budapest=1,
1807,,"Budapest=1, Kremnica=1",
1808,,,
1809,,Martin=1,
1810,,Martin=1,
1811,,,
1812,,,
1813,,,
1814,,Budapest=1,
1815,,Budapest=1,
1816,,"Budapest=1, Cluj-Napoca=1",Debrecen
1817,,"Budapest=1, Cluj-Napoca=3, Hajdúböszörmény=1, Sárospatak=1",Rimaszombat
1818,,Cluj-Napoca=1,
1819,,Budapest=1,
1820,,"Budapest=1, Pannonhalma=1",
1821,,Budapest=1,
1822,,"Alba Iulia=1, Budapest=1",
1823,,"Budapest=1, Târgu Mureş=1",
1824,,"Budapest=4, Cluj-Napoca=2, Sighişoara=1",
1825,,"Budapest=3, Cluj-Napoca=2, Debrecen=2, Martin=1, Sárospatak=1, Szeged=1, Târgu Mureş=1",
1826,,"Braşov=1, Budapest=3, Cluj-Napoca=2, Debrecen=2, Sárospatak=1, Târgu Mureş=1",
1827,,"Berlin=1, Budapest=2, Cluj-Napoca=2, Debrecen=2, London=1, Oxford=1, Târgu Mureş=1",
1828,,Cluj-Napoca=1,
1829,,"Târgu Mureş=1",
1830,,Budapest=1,
1831,,,
1832,,Berlin=1,
1833,,Budapest=1,
1834,,,
1835,,"Budapest=1, Prešov=1",Appony
1836,,"Braşov=2, Budapest=2, Cluj-Napoca=1, Halle=2, Kežmarok=1, Košice=1, Levoča=1, Sighişoara=1, Sibiu=2",
1837,,Levoča=1,
1838,,Martin=1,
1839,,Martin=1,
1840,,Budapest=1,
1841,,"Budapest=4, Cluj-Napoca=2, Gyöngyös=1, Košice=1, Sárospatak=1, Užgorod=1",
1842,,Pannonhalma=1,
1843,,Zagreb=2,
1844,,,
1845,,Budapest=1,
1846,,Budapest=1,
1847,,Cluj-Napoca=1,
1848,,Budapest=1,
1849,,"Bratislava=1, Budapest=3, Cluj-Napoca=1, Debrecen=1, Martin=1, Pécs=1, Sárospatak=1, Szeged=1",
1850,,"Budapest=3, Cluj-Napoca=2, Debrecen=1, Firenze=1, London=1, Martin=1, Sárospatak=1, Szeged=1",
1851,,Linz=1,
1852,,"Bratislava=1, Budapest=1, Dresden=1, Esztergom=1",Sárospatak
1853,,Sibiu=2,
1854,,,
1855,,"Budapest=2, Martin=1",
1856,,"Budapest=2, Martin=1",
1857,,"Bratislava=3, Budapest=2",
1858,,"Bratislava=1, Budapest=2",Losonc
1859,,Budapest=1,
1860,,Budapest=1,
1861,,Budapest=1,
1862,,"Berlin=1, Budapest=4",
1863,,"Bratislava=1, Budapest=3, Cluj-Napoca=1, Debrecen=2, Sárospatak=1, Sibiu=1, Szeged=1, Târgu Mureş=1",
1864,,Budapest=1,
1865,,,
1866,,,
1867,,"Budapest=3, Cluj-Napoca=2, Esztergom=1, Košice=1, Pannonhalma=1, Sárospatak=1, Târgu Mureş=1",
1868,,"Budapest=2, Dolný Kubín=1, Sibiu=1",
1869,,"Banská Bystrica=1, Budapest=2",
1870,,"Budapest=2, Cluj-Napoca=1",
1871,,"Budapest=5, Cluj-Napoca=1, Győr=1, London=1, Wolfenbüttel=1","Segesvár, Budapest"
1872,,,
1873,,"Budapest=5, Cluj-Napoca=1, Debrecen=1, Eger=1, Szeged=2",
1874,,"Budapest=1, Cluj-Napoca=1",
1875,,"Budapest=5, Debrecen=1, Pápa=1, Sárospatak=1, Szeged=1, Târgu Mureş=1","Nagykőrös, Rozsnyó, Máramarossziget"
1876,,Cluj-Napoca=1,Kassa
1877,,"Budapest=3, Cluj-Napoca=1, Debrecen=1, Göttingen=1, Prešov=1, Sárospatak=1, Sibiu=1, Târgu Mureş=1",
1878,,"Budapest=2, Cluj-Napoca=1, Sighişoara=1",Kolozsvár
1879,,"Budapest=1, Cluj-Napoca=1",
1880,,"Budapest=1, Cluj-Napoca=1, Nižnij Novgorod=1",
1881,,"Budapest=1, Cluj-Napoca=1, Sighişoara=1",
1882,,,
1883,,Budapest=1,
1884,,"Budapest=4, Cluj-Napoca=2, Debrecen=1, Kecskemét=1, Pápa=1, Târgu Mureş=1",
1885,,,
1886,,"Nižnij Novgorod=1",
1887,,,
1888,,Budapest=1,
1889,,"Budapest=1, Cluj-Napoca=1, Kraków=1, Levoča=1, Martin=2","Kalocsa, Miskolc"
1890,,"Budapest=1, Göttingen=1, Halle=1",Nagyszeben
1891,,"Braşov=1, Budapest=4, Göttingen=1, Sibiu=1",
1892,,"Budapest=2, Levoča=1, Sibiu=2",
1893,,"Budapest=2, Cluj-Napoca=1, Sárospatak=1, Târgu Mureş=1",Budapest
1894,,"Bratislava=1, Budapest:=3, Cluj-Napoca:=2, Debrecen=1, London=1, Sárospatak=1, Szeged=1",
1895,,"Budapest=4, Cluj-Napoca=2, Debrecen=2, London=1, Sárospatak=1, Târgu Mureş=1",
1896,,"Dolný Kubín=1",
1897,,"Banská Bystrica=1, Budapest=1, Kežmarok=1",Sárospatak
1898,,,Sárospatak
1899,,Halle=1,
1900,,Budapest=1,
1901,,Olomouc=1,
1902,,"Bratislava=1, Budapest=3, Cambridge=1, Cluj-Napoca=2, Sárospatak=1, Szeged=1, Târgu Mureş=1",
1903,Vacat!,,
1904,,,
1905,,Budapest=1,
1906,,"Brno=2, Budapest=3, Martin=1, Praha=1",
1907,,"Budapest=1, Prešov=1, Sopron=1",
1908,,"Bratislava=1, Kalocsa=1",Losonc
1909,,,
1910,,"Bratislava=1, Budapest=4, Cluj-Napoca=1, Halle=1, Kalocsa=1, Martin=1, Târgu Mureş=1",
1911,,"Budapest=1, Cluj-Napoca=1",
1912,,"Budapest=1, Debrecen=1",
1913,,,
1914,,"Alba Iulia=1, Budapest=3, Cluj-Napoca=2, Debrecen=2, Sárospatak=1, Târgu Mureş=1",
1915,,"Budapest=3, Cluj-Napoca=2, Debrecen=2, Pápa=1, Sárospatak=1, Târgu Mureş=1",
1916,,"Budapest=1, L'viv=1",
1917,,,
1918,,"Budapest=2, Esztergom=1, Graz=1, Zagreb=1",Pozsony
1919,,Budapest=1,
1920,,Budapest=1,
1921,,,
1922,,"Budapest=3, Cluj-Napoca=2, Debrecen=1, Pécs=1, Sárospatak=1, Szeged=1, Târgu Mureş=1",
1923,,"Cluj-Napoca=3, Târgu Mureş=1",Szeben
1924,,"Braşov=1, Budapest=5, Cluj-Napoca=3, Sighişoara=1",
1925,,"Cluj-Napoca=1, Sibiu=1",
1926,,"Budapest=4, Cluj-Napoca=1, Sibiu=1",
1927,,"Braşov=1, Budapest=1, Cluj-Napoca=2, Martin=1, Sibiu=1, Sighişoara=1, Târgu Mureş=1",
1928,,,
1929,,"Sárospatak=1, Sibiu=1",
1930,,,
1931,,Budapest=1,
1932,,,Eperjes
1933,,,
1934,,"Budapest=1, Levoča=1, Prešov=1",
1935,,"Budapest=1, Prešov=1",
1936,,"Dolný Kubín=1",
1937,,Augsburg=1,
1938,,"Halle=1, Martin=1",
1939,,Budapest=1,Turócszentmárton
1940,,"Budapest=2, Cluj-Napoca=1, Kežmarok=1, Sárospatak=1",
1941,,"Bratislava=1, Budapest=2, Martin=1",Besztercebánya
1942,,"Budapest=1, Kežmarok=1, Sárospatak=1",
1943,,"Budapest=2, Cluj-Napoca=1, Levoča=1",
1944,,Sárospatak=1,
1945,,"Budapest=1, Nižnij Novgorod=1",
1946,,"Nižnij Novgorod=1",
1947,,Debrecen=1,
1948,,Budapest=2,
1949,,"Levoča=1, Prešov=1",
1950,,Budapest=2,
1951,,"Dolný Kubín=1, Eger=1",
1952,,Budapest=2,
1953,,Budapest=1,
1954,,Budapest=1,Lőcse
1955,,Bratislava=2,
1956,,,
1957,,"Budapest=1, Martin=1",
1958,,,
1959,,,
1960,,,
1961,,Martin=1,
1962,,"Berlin=1, Budapest=2, Kežmarok=1",
1963,,Berlin=1,
1964,,Budapest=2,
1965,,"Budapest=1, Kalocsa=1, Martin=1",Budapest
1966,,,
1967,,,
1968,,Kežmarok=1,
1969,,,
1970,,,Trencsén
1971,,,
1972,,Martin=1,
1973,,"Nižnij Novgorod=1",
1974,,Budapest=1,
1975,,"Budapest=3, Cluj-Napoca=1, Debrecen=2, Sárospatak=1, Sibiu=1, Szeged=1, Târgu Mureş=1",
1976,,Budapest=1,
1977,,,
1978,,Budapest=1,
1979,,Cluj-Napoca=2,Zágráb
1980,,Budapest=1,
1981,,Budapest=1,
1982,,"Bratislava=1, Budapest=1, Praha=1",
1983,,"Bratislava=1, Budapest=2, Praha=1",
1984,,,
1985,,,
1986,,"Bratislava=1, Budapest=3, Cluj-Napoca=1, Debrecen=2, Oxford=1, Praha=1, Sárospatak=1",
1987,,Budapest=1,
1988,,"Braşov=1, Sibiu=1",
1989,,,
1990,,Budapest=1,
1991,,Budapest=1,
1992,,"Budapest=4, Cluj-Napoca=1, Sárospatak=1",Keszthely
1993,,Cluj-Napoca=1,
1994,,"Budapest=3, Cluj-Napoca=2, Sighişoara=1",
1995,,"Budapest=2, Cluj-Napoca=1",
1996,,"Cluj-Napoca=1, Sibiu=1",
1997,,Budapest=1,
1998,,"Budapest=4, Cluj-Napoca=2, Debrecen=1, Levoča=1, Pápa=1, Sárospatak=1",
1999,,,
2000,,Cluj-Napoca=1,
2001,,,
2002,,Budapest=2,Szarvas
2003,,Budapest=1,
2004,,Budapest=2,
2005,,,
2006,,,
2007,,"Budapest=1, Cluj-Napoca=1, Halle=1",Berlin
2008,,Budapest=2,
2009,,"Budapest=1, Halle=1",
2010,,,
2011,,"Halle=2, Martin=1",
2012,,"Budapest=2, Cluj-Napoca=2, Levoča=1, Sárospatak=1","Budapest, Miskolc"
2013,,Budapest=1,
2014,,"Budapest=3, Prešov=1",
2015,,"Budapest=1, Halle=1, Prešov=1, Sárospatak=1",
2016,,"Budapest=3, Cluj-Napoca=1, Firenze=1, Szeged=1, Székesfehérvár=1",
2017,,Budapest=1,
2018,,"Brno=1, London=1, Martin=1, Wien=1",
2019,,"Budapest=2, Kraków=1, München=1, Pannonhalma=1, Praha=1, Wien=2",Alsókubin
2020,,,Lemberg
2021,,Kraków=2,
2022,,,
2023,,"Bratislava=1, Budapest=3, Cluj-Napoca=1, Martin=1, Pannonhalma=1, Sárospatak=1, Sopron=1, Szeged=1",
2024,,Budapest=1,
2025,,Sibiu=1,
2026,,,
2027,,Budapest=1,
2028,,Budapest=2,
2029,,"Banská Bystrica=1, Martin=1, Prešov=1",
2030,,Trenčín=1,
2031,,"Budapest=4, Praha=1",
2032,,,
2033,,"Budapest=1, Martin=1",
2034,,"Bratislava=2, Budapest=1",
2035,,"Banská Bystrica=1, Bratislava=1, Budapest=4, Levoča=1, Martin=1, Nitra=1",
2036,,,
2037,,Budapest=1,
2038,,"Budapest=1, Martin=1, Moszkva=1",Debrecen
2039,,"Budapest=1, Martin=1, Pannonhalma=1","Debrecen, Kolozsvár, Kolozsvár"
2040,,Sibiu=1,
2041,,Budapest=1,
2042,,"Budapest:=3, Cluj-Napoca=1, Debrecen=2, Oradea=1, Pápa=1, Sárospatak=1, Szeged=1, Târgu Mureş=1",
2043,,"Budapest=1, Pápa=1",
2044,,Budapest=2,
2045,,Budapest=2,
2046,,Budapest=1,
2047,,"Budapest=5, Eger=1, Kežmarok=1, Levoča=1, Martin=1, Wien=1",
2048,,,
2049,,"Budapest=1, Berlin=1",
2050,,Sopron=1,
2051,,"Budapest=1, Cluj-Napoca=1, Târgu Mureş=1",
2052,,"Budapest=2, Košice=1, Martin=1, Prešov=1",
2053,,Nagykálló=1,
2054,,Budapest=1,
2055,,Sibiu=1,
2056,,"Bratislava=1, Budapest=4, Pápa=1, Szeged=1, Sárospatak=1",Keszthely
2057,,"Budapest=3, Cluj-Napoca=1, Sighişoara=1",
2058,,Budapest=1,
2059,,Cluj-Napoca=2,
2060,,,
2061,,,
2062,,,
2063,,Kremnica=1,
2064,,"Budapest=1, Cluj-Napoca=1, Levoča=1, Sibiu=1, Sighişoara=1, Užhorod=1",
2065,,,
2066,,Budapest=1,
2067,,Budapest=2,
2068,,"Budapest=4, Cluj-Napoca=3, Debrecen=1, Sárospatak=1",
2069,,,Kecskemét
2070,,,Turócszentmárton
2071,,"Budapest=3, Cluj-Napoca=1, Debrecen=1, Olomouc=1, Pannonhalma=1, Prešov=1",
2072,,Kežmarok=1,
2073,,"Budapest=1, Halle=1",
2074,,Budapest=2,
2075,,"Budapest=5, Debrecen=1, London=1, Szeged=1",Sopron
2076,,,
2077,,"Cluj-Napoca=1, München=1",
2078,,Sibiu=1,
2079,,,
2080,,,
2081,,Budapest=1,
2082,,Bratislava=1,
2083,,Budapest=1,
2084,,Praha=1,
2085,,,
2086,,,
2087,,"Budapest=3, Csurgó=1, Kecskemét=1, Pápa=1",Kunszentmiklós
2088,,,
2089,,"Berlin=1, Budapest=3, Cluj-Napoca=2, Debrecen=1, Odorhei=1, Sárospatak=1",
2090,,"Budapest=2, Praha=1",
2091,,"Budapest=3, Cluj-Napoca=2, Debrecen=2, Göttingen=1, London=1, Sárospatak=1, Szeged=1, Târgu Mureş=1",
2092,,"Budapest=4, Keszthely=1, Levoča=1, Târgu Mureş=1, Wien=1",Pécs
2093,,Kraków=1,Sepsiszentgyörgy
2094,,Budapest=1,Kolozsvár
2095,,"Budapest=6, Cluj-Napoca=1, Martin=1, Sárospatak=1, Târgu Mureş=1",Debrecen
2096,,"Budapest=3, Cluj-Napoca=2, Hajdúnánás=1, London=1, Martin=1, Târgu Mureş=1, Wien=1",
2097,,"Budapest=3, Cluj-Napoca=2, Debrecen=1, Hajdúnánás=1, London=1, Martin=1, Târgu Mureş=1, Wien=1",
2098,,Budapest=7,
2099,,"Bratislava=1, Budapest=3, Cluj-Napoca=1, Debrecen=2, Heidelberg=1, Paris=1, Praha=1, Sárospatak=1, Szeged=1",
2100,,"Budapest=4, Cluj-Napoca=1, Sighişoara=1",
2101,,"Cluj-Napoca=1, Târgu Mureş=1",
2102,,"Budapest=1, Cluj-Napoca=2",
2103,,"Budapest=3, Cluj-Napoca=2, Debrecen=1, Praha=1, Sárospatak=1, Szeged=1, Târgu Mureş=1",
2104,,"Budapest=2, Cluj-Napoca=1",
2105,,"Braşov=1, Budapest=1, Cluj-Napoca=1",
2106,,Budapest=1,
2107,,,
2108,,,
2109,,,
2110,,Budapest=1,
2111,,"Budapest=1, Martin=1, Praha=1",
2112,,Budapest=1,
2113,,,
2114,,Budapest=1,
2115,,Budapest=1,
2116,,"Brno=1, Budapest=1",Pozsony
2117,,,
2118,,Martin=1,
2119,,,
2120,,Martin=1,
2121,,,
2122,,Kremnica=1,
2123,,,Cieszyn
2124,,"Budapest=3, Cluj-Napoca=2, Debrecen=1, Sárospatak=1, Sibiu=1, Szeged=1, Târgu Mureş=2",
2125,,,
2126,,,
2127,,"Budapest=2, Cluj-Napoca=1, Sárospatak=1, Sibiu=2",Debrecen
2128,,,
2129,,,
2130,,"Budapest=3, Cluj-Napoca=1, Sárospatak=1, Târgu Mureş=1",Debrecen
2131,,Budapest=1,
2132,,"Budapest=2, Debrecen=2, Sárospatak=1, Târgu Mureş=1",
2133,,"Budapest=3, Cambridge=1, Cluj-Napoca=1, Debrecen=2, Göttingen=1, London=1, Szeged=1",
2134,,,
2135,,,
2136,,"Budapest=2, Pannonhalma=1",
2137,,,Brassó
2138,,"Budapest=2, Cluj-Napoca=2, Sighişoara=1",
2139,,Mediaş=1,
2140,,Cluj-Napoca=1,
2141,,"Berlin=1, Budapest=3, Cluj-Napoca=1, Debrecen=1, Sárospatak=1, Sibiu=1, Székesfehérvár=1, Târgu Mureş=1",
2142,,,
2143,,Cluj-Napoca=1,
2144,,Cluj-Napoca=1,
2145,,,
2146,,"Budapest=1, Weimar=1",
2147,,"Bratislava=1, Budapest=3, Liptovský Mikuláš=1, Miskolc=1, Prešov=2, Szeged=1",Besztercebánya
2148,,,
2149,,Sibiu=1,
2150,,"Budapest=1, Sibiu=1",
2151,,,
2152,,Praha=1,
2153,,,
2154,,"Budapest=1, Wien=1",
2155,,Budapest=2,
2156,,Budapest=1,
2157,,Budapest=1,
2158,,"Bratislava=1, Budapest=2, Cluj-Napoca=1, Debrecen=1, Pápa=1, Sibiu=1, Târgu Mureş=1",
2159,,,
2160,,"Budapest=3, Cluj-Napoca=2, Debrecen=1, Sárospatak=1, Sibiu=1, Szeged=1, Târgu Mureş=1",
2161,,,
2162,,,
2163,,Sárospatak=1,
2164,,Budapest=1,
2165,,,Brassó
2166,,Leeuwarden=1,
2167,,Debrecen=1,
2168,,Budapest=2,
2169,,"Budapest=2, Cluj-Napoca=1, Sighişoara=1",
2170,,"Budapest=1, Cluj-Napoca=3, Zalau=1",Szatmárnémeti
2171,,"Bratislava=1, Budapest=3, Cluj-Napoca=2, Debrecen=2, Szeged=1, Târgu Mureş=1, Zagreb=1",
2172,,Budapest=1,
2173,,"Aiud=2, Budapest=4, Bucureşti=1, Cluj-Napoca=1, Târgu Mureş=1",
2174,,,
2175,,Budapest=1,
2176,,Budapest=1,
2177,,Levoča=1,
2178,,,
2179,,"Budapest=5, Cluj-Napoca=1, Levoča=1, Sárospatak=1",
2180,,Budapest=2,
2181,,Budapest=2,
2182,,Martin=1,
2183,,"Budapest=3, Cluj-Napoca=1, Zirc=1",
2184,,Prešov=1,
2185,,Budapest=2,
2186,,Budapest=1,
2187,,Budapest=1,
2188,,Budapest=1,
2189,,,
2190,,Martin=1,
2191,,"Budapest=2, Levoča=1, Martin=1, Prešov=1, Sopron=1",
2192,,"Budapest=2, Liptovský Mikuláš=1, Martin=1",
2193,,,
2194,,,
2195,,,
2196,,Budapest=1,
2197,,"Budapest=3, Cluj-Napoca=2, Debrecen=2, Oxford=1, Sárospatak=1, Szeged=2, Târgu Mureş=1",
2198,,,
2199,,Csurgó=1,
2200,,"Cluj-Napoca=1, Debrecen=1, Sárospatak=1, Sfântu Gheorghe=1, Târgu Mureş=1",Debrecen
2201,,"Budapest=3, Cluj-Napoca=2, Debrecen=1, London=1, Sárospatak=1, Szeged=1, Târgu-Mureş=1",
2202,,,"Esztergom, Levoča"
2203,,,
2204,,,
2205,,,
2206,,"Braşov=1, Budapest=2, Cluj-Napoca=1, Târgu Mureş=1",
2207,,Budapest=1,
2208,,"Braşov=1, Budapest=3, Cluj-Napoca=2, Debrecen=1, Sibiu=1, Sighişoara=1, Târgu Mureş=1",
2209,,"Budapest=5, Cluj-Napoca=2, Sighişoara=1",
2210,,"Braşov=1, Bucureşti=1, Budapest=3, Cluj-Napoca=2, Debrecen=1, Sibiu=1, Szeged=1",
2211,,"Praha=1, Zalau=1",
2212,,"Târgu Mureş=1, Sfântu Gheorghe=1",
2213,,,
2214,,,
2215,,,
2216,,"Budapest=2, Debrecen=1",
2217,,"Budapest=2, Debrecen=1",
2218,,,
2219,,Budapest=2,
2220,,"Budapest=1, Levoča=1",
2221,,"Budapest=2, Cluj-Napoca=1, Levoča=2",Pozsony
2222,,"Budapest=2, Martin=1, Pannonhalma=1, Regensburg=1, Sibiu=1",Nagyőr
2223,,"Banská Bystrica=1",
2224,,"Bratislava=1, Budapest=3, Cluj-Napoca=1, Prešov=1, Szarvas=1",
2225,,"Budapest=2, Dolný Kubín=1",
2226,,"Berlin=1, Budapest=3, Cluj-Napoca=2, Debrecen=2, Martin=1, Zagreb=1",
2227,,"Bratislava=1, Valašské=1",
2228,,"Banská Bystrica=1, Budapest=2",
2229,,Berlin=1,
2230,,Budapest=1,
2231,,"Budapest=3, Martin=1, Prešov=1, Sárospatak=1, Satu Mare=1, Tokaj=1, Târgu Mureş=1","Rozsnyó, Debrecen"
2232,,"Banská Bystrica=1, Budapest=3",
2233,,Berlin=1,
2234,,Budapest=1,
2235,,,
2236,,"Rajhrad=1, Wien=1",
2237,,,
2238,,"Brno=1, Budapest=3, Cluj-Napoca=1, London=1, Martin=1, Praha=1, Szeged=1, Zagreb=1",
2239,,,
2240,,,
2241,,"Halle=1, Sibiu=3",Brassó
2242,,"Bratislava=1, Budapest=1, Cluj-Napoca=1, Sibiu=3",
2243,,Budapest=1,
2244,,"Budapest=1, Liptovský Mikuláš=1",
2245,,Budapest=1,
2246,,Budapest=1,
2247,,"Budapest=3, Cluj-Napoca=1, Debrecen=2, Sárospatak=1, Szeged=2, Târgu Mureş=1",
2248,,"Budapest=3, Cluj-Napoca=1, Debrecen=2, Sárospatak=1, Szeged=2, Târgu Mureş=1",
2249,,"Budapest=3, Cluj-Napoca=2, Debrecen=2, Sárospatak=1, Szeged=2, Târgu Mureş=1",
2250,,"Budapest=3, Cluj-Napoca=1, Debrecen=2, Sárospatak=1, Szeged=2, Târgu Mureş=1",
2251,,"Târgu Mureş=1",
2252,,"Budapest=2, Cluj-Napoca=1",
2253,,Budapest=1,
2254,,Budapest=1,
2255,,,
2256,,,Sárospatak
2257,,Budapest=2,
2258,,Budapest=1,
2259,,"Budapest=4, Cluj-Napoca=2",
2260,,"Aiud=1, Budapest=1, Cluj-Napoca=2, Leipzig=1, Nižnij Novgorod=1, Sibiu=1, Târgu Mureş=2",Kolozsvár
2261,,,
2262,,Budapest=2,Debrecen
2263,,Martin=1,
2264,,Budapest=1,
2265,,"Budapest=3, Martin=1, Pápa=1",Budapest
2266,,"Alba Iulia=1, Bratislava=1, Budapest=1, Martin=1, Pápa=1, Pécs=1, Sibiu=1","Esztergom, Nyitra"
2267,,"Budapest=2, Prešov=1",
2268,,Martin=1,
2269,,Cluj-Napoca=1,
2270,,Cluj-Napoca=1,
2271,,"Budapest=2, Cluj-Napoca=1, Prešov=1, Sárospatak=1",
2272,,Budapest=1,
2273,,Budapest=1,
2274,,Budapest=1,
2275,,Budapest=1,
2276,,"Budapest=2, Leipzig=1, Levoča=1, Legnica=1, Wolfenbüttel=1",
2277,,Budapest=1,
2278,,Budapest=1,
2279,,"Budapest=4, Eger=1, Halle=1, Linz=1, Praha=1, Prešov=1",Zirc
2280,,Budapest=1,
2281,,Kalocsa=1,
2282,,"Budapest=1, Milano=1",
2283,,,
2284,,,
2285,,"Braşov=1, Bratislava=1, Halle=1, Sibiu=6",
2286,,"Budapest=1, Martin=1",
2287,,"Budapest=1, Martin=1",
2288,,Budapest=1,
2289,,Budapest=1,
2290,,"Banská Bystrica=1, Buchlov=1, Budapest=4, Prešov=1",
2291,,"Budapest=3, Košice=1, Kremnica=1, Levoča=1, Pécs=1",
2292,,Budapest=1,
2293,,"Budapest=5, London=1, Martin=2, Praha=1, Trnava=1",
2294,,Budapest=1,
2295,,Martin=1,
2296,,"Budapest=2, Martin=1",
2297,,"Budapest=3, Cluj-Napoca=3, Debrecen=1, Târgu Mureş=2",
2298,,"Berlin=1, Budapest=3, Cluj-Napoca=2, Debrecen=2, Sárospatak=1, Szeged=2, Târgu Mureş=1",
2299,,,
2300,,"Budapest=3, Cluj-Napoca=2, Debrecen=2, Sárospatak=1, Szeged=1, Târgu Mureş=1",
2301,,"Aiud=1, Budapest=4, Cluj-Napoca=2, Debrecen=1, Sárospatak=1, Târgu Mureş=2",
2302,,"Budapest=4, Cluj-Napoca=2, Debrecen=1, Sárospatak=1, Târgu Mureş=2",
2303,,Budapest=1,
2304,,"Aiud=1, Budapest=1, Cluj-Napoca=2, Debrecen=1, Esztergom=1, Kecskemét=1, Szeged=1",
2305,,"Budapest=3, Cambridge=1, Cluj-Napoca=2, Debrecen=1, Paris=1",
2306,,"Banská Bystrica=1, Bratislava=1, Budapest=4, Kremnica=1, Levoča=1, Miskolc=1",
2307,,"Bratislava=1, Budapest=2, Halle=1, Levoča=1, Martin=1, Miskolc=1, Szeged=1",Besztercebánya
2308,,Budapest=1,Berlin
2309,,"Budapest=2, Cluj-Napoca=2, Debrecen=1, London=1, Oxford=1, Sárospatak=1, Szeged=1, Târgu Mureş=1",
2310,,"Alba Iulia=1, Budapest=2, Cluj-Napoca=2, Debrecen=2, Košice=1, Sárospatak=1, Târgu Mureş=1",
2311,,Budapest=2,
2312,,Budapest=1,
2313,,,
2314,,"Budapest=4, Cluj-Napoca=3",
2315,,,
2316,,,
2317,,Budapest=1,
2318,,"Budapest=3, Cluj-Napoca=1",
2319,,Bratislava=1,
2320,,"Bratislava=1, Budapest=3, Debrecen=2, London=1, Martin=1, Praha=1, Sárospatak=1, Szeged=1, Zagreb=1",
2321,Vacat!,,
2322,,Budapest=1,
2323,,Levoča=1,Nagyszeben
2324,,"Budapest=4, Wrocław=1",
2325,,Budapest=1,
2326,,Budapest=1,
2327,,Sibiu=1,
2328,,Budapest=1,
2329,,Budapest=1,
2330,,"Budapest=1, Martin=1",
2331,,Prešov=1,
2332,,Budapest=1,
2333,,Budapest=3,
2334,,"Bratislava=1, Brno=1, Budapest=1, Kraków=1, Martin=1, Pannonhalma=1, Praha=1",
2335,,Martin=1,
2336,,"Budapest=1, Cluj-Napoca=1",
2337,,"Budapest=2, Martin=1",
2338,,"Budapest=2, Kraków=1, Martin=2, Pannonhalma=1",
2339,,Budapest=4,
2340,,"Budapest=3, Eger=1, Kežmarok=1, Pannonhalma=1",
2341,,"Bratislava=1, Budapest=4, Cluj-Napoca=1, Debrecen=1, Esztergom=1, Sopron=1, Szeged=1",
2342,,Budapest=1,
2343,,"Braşov=1, Budapest=3, Cluj-Napoca=1, Debrecen=1, Halle=1, Martin=1, Sibiu=1, Târgu Mureş=1",
2344,,"Budapest=3, Kremnica=1, Prešov=1",
2345,,"Bratislava=1, Martin=1",
2346,,Budapest=1,
2347,,"Bratislava=2, Budapest=2, Liptovský Mikuláš=2, Martin=2, Praha=1",
2348,,Budapest=1,
2349,,,
2350,,,
2351,,,
2352,,"Berlin=1, Budapest=4, Cluj-Napoca=1, Sárospatak=1",Budapest
2353,,"Budapest=1, Cluj-Napoca=1",
2354,,"Budapest=3, Cluj-Napoca=2, Debrecen=1, Martin=1, Sárospatak=1, Sibiu=1, Târgu Mureş=1",
2355,,"Târgu Mureş=1",
2356,,"Budapest=1, Halle=1, Martin=1, Nižnij Novgorod=2",
2357,,"Budapest=3, Cluj-Napoca=2, Debrecen=2, Sárospatak=1, Szeged=1, Târgu Mureş=1",
2358,,"Budapest=1, London=1, Washington=1, CERL=1",
2359,,Budapest=1,
2360,,"Budapest=3, Cluj-Napoca=2, Debrecen=2, London=1, Sárospatak=1, Szeged=1, Wien=1, Zagreb=1",
2361,,"Alba Iulia=1, Budapest=3, Cluj-Napoca=2, Debrecen=1, Levoča=1, Sárospatak=1, Sopron=1",
2362,,"Budapest=1, Debrecen=1, Sárospatak=1, Târgu Mureş=1",
2363,,Budapest=1,Budapest
2364,,"Budapest=3, Cluj-Napoca=1",
2365,,"Alba Iulia=1, Arad=1, Bucureşti=2, Budapest=2, Cluj-Napoca=1, Debrecen=1, Oradea=1, Pannonhalma=1, Sibiu=2",
2366,,"Budapest=1, Sibiu=1, Târgu Mureş=2",
2367,,Cluj-Napoca=1,
2368,,Budapest=2,
2369,,,
2370,,,
2371,,,
2372,,,
2373,,"Budapest=1, Levoča=1",Debrecen
2374,,"Berlin=1, Budapest=2",
2375,,Cluj-Napoca=1,
2376,,"Banská Bystrica=1",
2377,,,
2378,,Martin=1,
2379,,Budapest=2,
2380,,"Budapest=2, Levoča=1",
2381,,"Budapest=3, Cluj-Napoca=1, Sárospatak=1, Vác=1",
2382,,Budapest=1,Turócszentmárton
2383,,Budapest=1,
2384,,Košice=1,
2385,,Budapest=1,
2386,,Budapest=1,
2387,,,
2388,,"Budapest=1, Brno=1, Kraków=1, Rajhrad=1, Wien=1",
2389,,Budapest=1,
2390,,"Budapest=1, Cluj-Napoca=1, Gdańsk=1, Greifswald=1, Halle=1, London=1, Martin=1, Nižnij Novgorod=1, Oxford=1, Prešov=1, Strasbourg=1",Eperjes
2391,,,
2392,,Budapest=1,Debrecen
2393,,Sibiu=1,
2394,,"Budapest=3, Halle=1, Martin=1",
2395,,Budapest=2,
2396,,"Budapest=1, Trenčín=1",
2397,,Martin=1,
2398,,,
2399,,Budapest=1,
2400,,Budapest=1,
2401,,"Budapest=1, Debrecen=1, Sárospatak=1",
2402,,Budapest=1,
2403,,"Aiud=1, Budapest=3, Cluj-Napoca=2, Kecskemét=1, Oradea=1, Sibiu=1, Târgu Mureş=1",
2404,,"Budapest=3, Cluj-Napoca=2, Debrecen=2, Oradea=1, Sárospatak=1, Târgu Mureş=1",
2405,,"Budapest=3, Cluj-Napoca=2, Debrecen=2, Odorhei=1, Pápa=1, Sárospatak=1, Târgu Mureş=1",
2406,,"Budapest=1, Göttingen=1, Sibiu=1",
2407,,"Alba Iulia=1, Budapest=1, Debrecen=1, Pápa=2, Sighişoara=1, Târgu Mureş=1",
2408,,Budapest=1,
2409,,"Budapest=3, Cluj-Napoca=2, Debrecen=1, Jasov=1, Sárospatak=1, Szeged=1, Târgu Mureş=1",
2410,,"Budapest=1, London=1, Washington=1, CERL=1",
2411,,"Budapest=3, Kosice=1",
2412,,Praha=1,
2413,,Braşov=1,
2414,,Budapest=1,
2415,,"Budapest=2, Cluj=1, Sibiu=4, Sighişoara=1, Târgu Mureş=1",
2416,,"Braşov=1, Budapest=1",Marosvásárhely
2417,,,
2418,,"Dolný Kubín=1",
2419,,"Dolný Kubín=1",
2420,,,
2421,,Braşov=1,
2422,,Budapest=3,
2423,,Levoča=1,
2424,,"Budapest=1, Nižnij Novgorod=1",
2425,,Budapest=1,
2426,,"Banská Bystrica=1",
2427,Vacat!,,
2428,Vacat!,,
2429,,"Budapest=3, Gdańsk=1, Martin=1, Wittenberg=1","Szeben, Kassa"
2430,,"Budapest=1, Cluj-Napoca=2, Gdansk=1, Praha=1, Sárospatak=1, Sibiu=1, Szeged=1, Wittenberg=1",
2431,,"Budapest=3, Cluj-Napoca=1, Debrecen=1, Gdańsk=1, Kraków=1, Levoča=1, Liptovský Mikuláš=1, Praha=1",
2432,,"Cluj-Napoca=1, Meadville=1",
2433,,"Budapest=1, Greifswald=1, Halle=1, London=1, Martin=1, Nižnij Novgorod=1, Oxford=1, Prešov=1",
2434,,,
2435,,Praha=1,
2436,,"Cluj-Napoca=1, Meadville=1, Sárospatak=1, Sibiu=1, Târgu Mureş=1",
2437,,,Szászrégen
2438,,"Budapest=5, Spišská Nová Ves=1",
2439,,"Budapest=2, Liptovský Mikuláš=1, Martin=1",
2440,,"Budapest=3, Cluj-Napoca=1, Košice=1, Levoča=2, Martin=1",
2441,,"Budapest=3, Levoča=1, Martin=2",
2442,,Budapest=1,
2443,,"Budapest=4, Martin=1",
2444,,"Budapest=2, Martin=1",
2445,,Martin=1,
2446,,Praha=1,
2447,,"Banská Bystrica=1, Martin=1",
2448,,"Budapest=3, Martin=1",
2449,,Budapest=1,
2450,,"Budapest=3, Cambridge=1, Cluj-Napoca=2, Debrecen=1, Paris=1",
2451,,,
2452,,"Budapest=4, Cluj=1, Esztergom=1, Pápa=1, Sárospatak=1, Târgu Mureş=3, Zălau=1","Nagykőrös, Szentantal"
2453,,"Budapest=3, Cluj-Napoca=2, Debrecen=2, Sárospatak=1, Sfântu Gheorghe=1, Târgu Mureş=1",
2454,,"Târgu Mureş=1",
2455,,Martin=1,
2456,,Budapest=2,
2457,,"Budapest=3, Cluj-Napoca=3, Târgu Mureş=1",
2458,,Pápa=1,
2459,,"Budapest=5, Cluj-Napoca=1, Debrecen=1, Pannonhalma=1",Radvány
2460,,Budapest=1,Budapest
2461,,"Bratislava=1, Budapest=3, Cluj-Napoca=1, Debrecen=2, London=1, Sárospatak=1, Szeged=1, Târgu Mureş=1, Zagreb=1",
2462,,"Budapest=4, Martin=2",
2463,,"Aiud=1, Cluj-Napoca=1, Sibiu=1",
2464,,"Sibiu=1, Târgu Mureş=2",
2465,,,
2466,,Martin=1,
2467,,,"Betlér, Pozsony"
2468,,Budapest=2,
2469,,Budapest=1,
2470,,,
2471,,Budapest=1,
2472,,"Cluj-Napoca=1, Târgu Mureş=1",
2473,,Budapest=1,
2474,,"Budapest=2, Martin=1",
2475,,Martin=1,
2476,,"Budapest=1, Prešov=1",
2477,,"Bratislava=1, Martin=1, Praha=1",
2478,,Budapest=1,
2479,,Wien=1,
2480,,"Budapest=1, Martin=1, Pannonhalma=1",
2481,,,
2482,,"Bratislava=1, Budapest=1",
2483,,,
2484,,"Sárospatak=1, Sheffield=1",
2485,,"Budapest=3, Cluj-Napoca=1, Debrecen=2, Martin=1, Praha=1, Sárospatak=1, Szeged=1, Wien=1",
2486,,"Budapest=2, Debrecen=3","Sárospatak, Máramarossziget"
2487,,"Cluj-Napoca=1, Nižnij Novgorod=1, Oxford=1",
2488,,"Cluj-Napoca=1, Gundelsheim=1, Sfântu Gheorghe=1, Sibiu=5",
2489,,Sibiu=1,"Brassó, Szeben"
2490,,,
2491,,Martin=1,
2492,,,
2493,,"Budapest=3, Martin=1",
2494,,Budapest=2,
2495,,,
2496,,"Budapest=2, Debrecen=1, Martin=1",
2497,,Budapest=3,Nagykőrös
2498,,"Budapest=3, Cluj-Napoca=2, Debrecen=1, London=1, Sárospatak=1, Szeged=2, Târgu Mureş=1",
2499,,"Bratislava=1, Budapest=2, Cluj-Napoca=2, Debrecen=1, Sárospatak=1, Szeged=2, Târgu Mureş=1",
2500,,"Alba Iulia=1, Budapest=2, Cluj-Napoca=2, Debrecen=1, Pécs=1, Sibiu=1, Szeged=1, Târgu Mureş=1",
2501,,,
2502,,"Budapest=3, Cluj-Napoca=2, Debrecen=2, München=1, Sárospatak=1, Szeged=1, Târgu Mureş=1",
2503,,,
2504,,"Aiud=1, Budapest=3, Cluj-Napoca=2, Debrecen=1, Sárospatak=1, Sibiu=1, Târgu Mureş=1",
2505,,"Budapest=3, Cluj-Napoca=1, Csurgó=1, Debrecen=1, Pannonhalma=1, Pápa=1, Sárospatak=1, Sibiu=1",
2506,,Budapest=1,
2507,,"Budapest=3, Odorhei=1, Sárospatak=1, Sibiu=1, Sfântu Gheorghe=1",Kecskemét
2508,,Levsča=1,
2509,,,
2510,,"Budapest=3, Cluj-Napoca=1",
2511,,Budapest=1,
2512,,Budapest=1,
2513,,,
2514,,,Brassó
2515,,Braşov=1,
2516,,"Târgu Mureş=1",
2517,,"Aiud=1, Budapest=2",
2518,,"Budapest=1, Târgu Mureş=1",Brassó
2519,,Budapest=1,Nagyenyed
2520,,,
2521,,Budapest=1,
2522,,"Berlin=1, Budapest=1, Martin=1, Oradea=1, Sibiu=1",
2523,,"Târgu Mureş=1",
2524,,Budapest=2,
2525,,"Nižnij Novgorod=1",
2526,,,Kolozsvár
2527,,Budapest=1,
2528,,Levoča=1,
2529,,Budapest=1,
2530,,Sibiu=1,Turócszentmárton
2531,,Budapest=1,
2532,,"Budapest=1, Cluj-Napoca=1, Niznij Novgorod=1",
2533,,Budapest=1,
2534,,"Budapest=2, Liptovský Mikuláš=1",
2535,,Kežmarok=1,
2536,,Budapest=1,
2537,,Kežmarok=1,
2538,,Budapest=1,
2539,,Budapest=1,
2540,,Budapest=1,
2541,,Budapest=1,
2542,,,
2543,,Budapest=1,
2544,,,Kismarton
2545,,Budapest=1,
2546,,Budapest=1,
2547,,"Halle=1, London=1, Nižnij Novgorod=1",
2548,,Debrecen=1,
2549,,"Budapest=3, Cluj-Napoca=1, Debrecen=2, Sárospatak=1, Sfântu Gheorghe=1, Szeged=1, Târgu Mureş=1",
2550,,"Budapest=3, Debrecen=2, Oxford=1",Nagyenyed
2551,,,
2552,,"Bratislava=1, Budapest=3",
2553,,"Budapest=1, Plzeň=1, Praha=3, Wien=1",
2554,,Budapest=1,
2555,,,Nyitra
2556,,"Martin=1, Praha=1",
2557,,,Budapest
2558,,"Bratislava=1, Budapest=3, Cluj-Napoca=2, Debrecen=2, Sárospatak=1, Târgu Mureş=1",
2559,,"Budapest=4, Cluj-Napoca=2, Csurgó=1, Debrecen=1, Sárospatak=2, Târgu Mureş=1, Zalau=1","Kiskunhalas, Székelykeresztúr, Debrecen"
2560,,"Budapest=2, Cluj-Napoca=1, Olomouc=1, Sfântu Gheorghe=1, Sibiu=1",
2561,,,
2562,,"Nižnij Novgorod=1",Budapest
2563,,Cluj-Napoca=1,
2564,,"Budapest=3, Cluj-Napoca=1",
2565,,"Budapest=2, Cluj-Napoca=1",
2566,,,Szatmárnémeti
2567,,,Budapest
2568,,"Braşov=1, Budapest=1",
2569,,"Braşov=1, Budapest=1",
2570,,Braşov=1,
2571,,"Braşov=3, Budapest=1, Cluj-Napoca=2, Sibiu=5, Sighişoara=2",Medgyes
2572,,Budapest=1,
2573,,Alba=1,
2574,,"Aiud=1, Budapest=2",
2575,,"Budapest=2, Cluj-Napoca=2, Sibiu=1, Târgu Mureş=1",Szatmár
2576,,,
2577,,Budapest=1,
2578,,Budapest=1,
2579,,Martin=1,
2580,,,
2581,,"Budapest=1, Cluj-Napoca=2, Debrecen=1, Kežmarok=1, Kremnica=1, Levoča=1, Martin=1, Praha=1, Sighişoara=1",
2582,,"Budapest=1, Levoča=1",
2583,,"Budapest=1, Levoča=1",Budapest
2584,,"Budapest=1, Praha=1",
2585,Vacat!,,
2586,,Budapest=3,
2587,,Cluj-Napoca=1,
2588,,Martin=1,
2589,,Budapest=1,
2590,,Budapest=1,
2591,,Budapest=1,Turócszentmárton
2592,,"Budapest=1, Levoča=1",
2593,,"Budapest=1, Esztergom=1",
2594,,Budapest=1,
2595,,"Budapest=1, Martin=1, Pannonhalma=1",
2596,,Budapest=1,Turócszentmárton
2597,,"Bratislava=1, Budapest=3, Cluj-Napoca=2, Debrecen=1, London=1, Târgu Mureş=1, Zagreb=1",
2598,,"Budapest=4, Košice=1, Martin=1, Szeged=1",Budapest
2599,,Budapest=2,
2600,,,
2601,,Bratislava=1,
2602,Vacat!,,
2603,Vacat!,,
2604,,"Bratislava=1, Budapest=4, Cluj-Napoca=2, Debrecen=2, Sárospatak=1, Szeged=2, Târgu Mureş=1",
2605,,"Budapest=1, Târgu Mureş=1",
2606,,Budapest=1,
2607,,,
2608,,Budapest=1,
2609,,Budapest=1,Turócszentmárton
2610,,,
2611,,Wrocław=1,
2612,,"Bratislava=1, Budapest=4, Miskolc=1, Prešov=1",
2613,,"Budapest=1, Levoča=1",
2614,,,
2615,,Budapest=1,
2616,,,
2617,,"Bratislava=1, Budapest=3, Cluj-Napoca=2, Debrecen=1, London=1, Sárospatak=1, Szeged=1, Târgu Mureş=1",
2618,,"Budapest=2, Göttingen=1, London=1, Wolfenbüttel=1",
2619,,Budapest=1,
2620,,Csurgó=1,
2621,,"Budapest=4, Cluj-Napoca=1",Sárospatak
2622,,"Budapest=3, Cluj-Napoca=2, Debrecen=2, Sárospatak=1, Szeged=1, Târgu Mureş=1, Wien=1",
2623,,"Budapest=3, Cluj-Napoca=2, Debrecen=2, Sárospatak=1, Szeged=1, Târgu Mureş=1",
2624,,"Cluj=1, Sibiu=1",
2625,,,
1027,A,Martin=1,
1035,A,Budapest=1,
103,A,Braşov=1,
104,A,,
1078,A,"Budapest=1, Roma=1",
1104,A,Debrecen=2,
112,A,,
1143,A,Debrecen=1,
156,,,
157,,,
158,,,
159,,,
160,,,
161,,,
162,,,
163,,,
164,,,
165,,,
166,,,
167,,,
168,,,
169,,,
170,,,
171,,,
172,Vacat!,,
173,,,
174,,,
175,,,
176,,,
177,,,
178,,,
179,,,
180,,,
181,,,
182,,,
183,,,
184,,,
185,,,
186,,,
187,,,
188,,,
189,,,
190,,,
191,,,
192,,,
193,,,
194,,,
195,,,
196,,,
197,,,
198,,,
199,,,
200,,,
200,A,,
201,,,
202,,,
203,,,
204,,,
205,,,
206,,,
207,,,
208,,,
209,,,
210,Vacat!,,
211,,,
212,,,
213,,,
214,,,
215,,,
1214,A,"Budapest=4, Cluj-Napoca=3, Sárospatak=1",
1260,A,Wolfenbüttel=1,
1425,A,Debrecen=1,
1558,A,,
160,A,Budapest=1,
1631,A,Brzotin=1,
1708,A,Budapest=2,
1882,A,"Bucureşti=1, Budapest=1, Cluj=1, Iaşi=1, Sibiu=2",
191,A,Wolfenbüttel=1,
191,B,Wolfenbüttel=2,
192,A,Wolfenbüttel=1,
2018,A,,Firenze
2145,A,Sibiu=1,
2187,A,,
2342,A,Sibiu=2,
2343,A,Sibiu=9,
2371,A,,
2406,A,Göttingen=1,
240,A,Wien=1,
2421,A,"Budapest=1, Târgu Mureş=1",Marosvásárhely
2436,A,,
2457,A,Budapest=1,
2457,B,Budapest=1,
2565,A,Budapest=2,
2606,A,"Budapest=1, Chicago=2, London=1, New York=1, CERL=1",
2606,B,Budapest=1,
265,A,,
276,A,,
308,A,Cluj=1,
308,B,Cluj=1,
337,A,Debrecen=1,
337,B,Debrecen=1,
339,A,,
375,A,"Braşov,=1",
439,A,,
446,A,Budapest=1,
455,A,,
471,A,Budapest=1,
498,A,Halle=2,
49,A,Iaşi=1,
500,A,Halle=3,
500,B,Halle=2,
520,A,"Bucureşti=1, Cluj=2, Leningrad=1, Moskva=1, Plovdiv=1",
568,A,Bratislava=4,
577,A,Sibiu=1,
597,A,,
677,A,Budapest=1,
71,A,Budapest=1,
71,B,Cluj=1,
734,A,Sighişoara=1,
836,A,"Pavia=1, Toulouse=1",
875,A,London=2,
88,A,Budapest=1,Marosvásárhely
899,A,Pápa=4,
993,A,"Budapest=1, Wolfenbüttel=2",
99,A,Leningrad=1,
,,,
277,A,Csíkszereda=1,
278,A,Csíkszereda=1,
409,A,Csíkszereda=1,
430,A,Csíkszereda=1,
507,A,Csíkszereda=1,
337,C,Csíkszereda=1,
,,Centuriae=1,
,,,
,,,
